#
# There is insufficient memory for the Java Runtime Environment to continue.
# Native memory allocation (mmap) failed to map 362807296 bytes for G1 virtual space
# Possible reasons:
#   The system is out of physical RAM or swap space
#   The process is running with CompressedOops enabled, and the Java Heap may be blocking the growth of the native heap
# Possible solutions:
#   Reduce memory load on the system
#   Increase physical memory or swap space
#   Check if swap backing store is full
#   Decrease Java heap size (-Xmx/-Xms)
#   Decrease number of Java threads
#   Decrease Java thread stack sizes (-Xss)
#   Set larger code cache with -XX:ReservedCodeCacheSize=
#   JVM is running with Zero Based Compressed Oops mode in which the Java heap is
#     placed in the first 32GB address space. The Java Heap base address is the
#     maximum limit for the native heap growth. Please use -XX:HeapBaseMinAddress
#     to set the Java Heap base and to place the Java Heap above 32GB virtual address.
# This output file may be truncated or incomplete.
#
#  Out of Memory Error (os_windows.cpp:3548), pid=23184, tid=6528
#
# JRE version: Java(TM) SE Runtime Environment (17.0.12+8) (build 17.0.12+8-LTS-286)
# Java VM: Java HotSpot(TM) 64-Bit Server VM (17.0.12+8-LTS-286, mixed mode, sharing, tiered, compressed oops, compressed class ptrs, g1 gc, windows-amd64)
# No core dump will be written. Minidumps are not enabled by default on client versions of Windows
#

---------------  S U M M A R Y ------------

Command Line: --add-opens=java.base/java.lang=ALL-UNNAMED --add-opens=java.base/java.lang.invoke=ALL-UNNAMED --add-opens=java.base/java.util=ALL-UNNAMED --add-opens=java.prefs/java.util.prefs=ALL-UNNAMED --add-exports=jdk.compiler/com.sun.tools.javac.api=ALL-UNNAMED --add-exports=jdk.compiler/com.sun.tools.javac.util=ALL-UNNAMED --add-opens=java.base/java.util=ALL-UNNAMED --add-opens=java.prefs/java.util.prefs=ALL-UNNAMED --add-opens=java.base/java.nio.charset=ALL-UNNAMED --add-opens=java.base/java.net=ALL-UNNAMED --add-opens=java.base/java.util.concurrent=ALL-UNNAMED --add-opens=java.base/java.util.concurrent.atomic=ALL-UNNAMED --add-opens=java.xml/javax.xml.namespace=ALL-UNNAMED --add-opens=java.base/java.time=ALL-UNNAMED -XX:MaxMetaspaceSize=4G -XX:ReservedCodeCacheSize=512m -XX:+HeapDumpOnOutOfMemoryError -Xmx4G -Dfile.encoding=UTF-8 -Duser.country=MX -Duser.language=es -Duser.variant -javaagent:C:\Users\jordi\.gradle\wrapper\dists\gradle-9.1.0-all\7wzd0jkjit61aq2p43wpjgij9\gradle-9.1.0\lib\agents\gradle-instrumentation-agent-9.1.0.jar org.gradle.launcher.daemon.bootstrap.GradleDaemon 9.1.0

Host: AMD Ryzen 7 170 with Radeon Graphics           , 16 cores, 7G,  Windows 11 , 64 bit Build 26100 (10.0.26100.9168)
Time: Fri Aug 28 11:31:06 2026 Hora estándar central (México) elapsed time: 52.012957 seconds (0d 0h 0m 52s)

---------------  T H R E A D  ---------------

Current thread (0x0000020d7f041010):  VMThread "VM Thread" [stack: 0x0000008a95100000,0x0000008a95200000] [id=6528]

Stack: [0x0000008a95100000,0x0000008a95200000]
Native frames: (J=compiled Java code, j=interpreted, Vv=VM code, C=native code)
V  [jvm.dll+0x67a04a]
V  [jvm.dll+0x7da4ed]
V  [jvm.dll+0x7dbe33]
V  [jvm.dll+0x7dc4a3]
V  [jvm.dll+0x24508f]
V  [jvm.dll+0x677089]
V  [jvm.dll+0x66bd32]
V  [jvm.dll+0x301fa6]
V  [jvm.dll+0x309546]
V  [jvm.dll+0x359d2e]
V  [jvm.dll+0x359f5f]
V  [jvm.dll+0x2d9078]
V  [jvm.dll+0x2d74ad]
V  [jvm.dll+0x2d6afc]
V  [jvm.dll+0x31a981]
V  [jvm.dll+0x7e0d9b]
V  [jvm.dll+0x7e1ad4]
V  [jvm.dll+0x7e1fed]
V  [jvm.dll+0x7e23c4]
V  [jvm.dll+0x7e2490]
V  [jvm.dll+0x78abea]
V  [jvm.dll+0x678f35]
C  [ucrtbase.dll+0x2cd30]
C  [KERNEL32.DLL+0x2ccb7]
C  [ntdll.dll+0xaad6c]

VM_Operation (0x0000008a96bf7a58): G1TryInitiateConcMark, mode: safepoint, requested by thread 0x0000020d70441fb0


---------------  P R O C E S S  ---------------

Threads class SMR info:
_java_thread_list=0x0000020d8aeea4d0, length=217, elements={
0x0000020d74523a80, 0x0000020d7f046570, 0x0000020d7f049050, 0x0000020d7f056890,
0x0000020d7f059170, 0x0000020d7f059a40, 0x0000020d7f05c320, 0x0000020d7f064f30,
0x0000020d7f1d1ee0, 0x0000020d7f1d27f0, 0x0000020d7eff2120, 0x0000020d7f43e620,
0x0000020d6f8eda20, 0x0000020d7f971e40, 0x0000020d7f9a8560, 0x0000020d6f653ac0,
0x0000020d70443e10, 0x0000020d704429d0, 0x0000020d70441fb0, 0x0000020d70443900,
0x0000020d70441590, 0x0000020d70444320, 0x0000020d70442ee0, 0x0000020d70441aa0,
0x0000020d704424c0, 0x0000020d70441080, 0x0000020d704433f0, 0x0000020d70444830,
0x0000020d80129a80, 0x0000020d8012b3d0, 0x0000020d8012c300, 0x0000020d8012aec0,
0x0000020d8012c810, 0x0000020d8012b8e0, 0x0000020d80129570, 0x0000020d8012dc50,
0x0000020d8012d740, 0x0000020d8012a4a0, 0x0000020d8012e160, 0x0000020d8012f5a0,
0x0000020d8012e670, 0x0000020d8012eb80, 0x0000020d8012ffc0, 0x0000020d801309e0,
0x0000020d8012f090, 0x0000020d8012fab0, 0x0000020d801304d0, 0x0000020d81396140,
0x0000020d82474a70, 0x0000020d9afd2230, 0x0000020d9afcfec0, 0x0000020d9afcf4a0,
0x0000020d9afd03d0, 0x0000020d9afd0df0, 0x0000020d9afd08e0, 0x0000020d9afd1810,
0x0000020d9afd1d20, 0x0000020d9afcef90, 0x0000020d9afcea80, 0x0000020d9afd45a0,
0x0000020d9afd59e0, 0x0000020d9afd2740, 0x0000020d9afd5ef0, 0x0000020d9afd6400,
0x0000020d9afd4fc0, 0x0000020d9afd2c50, 0x0000020d9afd54d0, 0x0000020d9afd3160,
0x0000020d9afd3670, 0x0000020d9afd3b80, 0x0000020d9afd4090, 0x0000020d9afd4ab0,
0x0000020d813984b0, 0x0000020d81395720, 0x0000020d8139b750, 0x0000020d8139bc60,
0x0000020d8246f460, 0x0000020d82473120, 0x0000020d70dc38e0, 0x0000020d70dc24a0,
0x0000020d70dc1f90, 0x0000020d70dc1570, 0x0000020d70dc4810, 0x0000020d70dc29b0,
0x0000020d70dc1060, 0x0000020d70dc2ec0, 0x0000020d70dc33d0, 0x0000020d70dc4d20,
0x0000020d70dc3df0, 0x0000020d70dc4300, 0x0000020d70dc5230, 0x0000020d70dc1a80,
0x0000020d70dc7ab0, 0x0000020d70dc84d0, 0x0000020d70dc7fc0, 0x0000020d70dc5740,
0x0000020d70dc7090, 0x0000020d8c677610, 0x0000020d80129060, 0x0000020d8ae0c7c0,
0x0000020d8ae0f040, 0x0000020d8ae0d1e0, 0x0000020d8ae0f550, 0x0000020d8ae0dc00,
0x0000020d8ae0ff70, 0x0000020d8ae0e620, 0x0000020d8ae10480, 0x0000020d8ae0ccd0,
0x0000020d8ae0eb30, 0x0000020d8ae0fa60, 0x0000020d8ae10990, 0x0000020d8ae10ea0,
0x0000020d8ae0d6f0, 0x0000020d8ae113b0, 0x0000020d8ae118c0, 0x0000020d8ae0e110,
0x0000020d8ae11dd0, 0x0000020d8ae122e0, 0x0000020d8ae127f0, 0x0000020d8ae13720,
0x0000020d8ae12d00, 0x0000020d8ae13210, 0x0000020d8ae13c30, 0x0000020d8ae14140,
0x0000020d7068cca0, 0x0000020d7068b350, 0x0000020d7068b860, 0x0000020d7068dbd0,
0x0000020d7068a930, 0x0000020d7068c280, 0x0000020d7068a420, 0x0000020d7068bd70,
0x0000020d7068e0e0, 0x0000020d7068e5f0, 0x0000020d7068d1b0, 0x0000020d7068c790,
0x0000020d7068d6c0, 0x0000020d7068ae40, 0x0000020d7068fa30, 0x0000020d70691890,
0x0000020d70691da0, 0x0000020d7068eb00, 0x0000020d7068f010, 0x0000020d7068ff40,
0x0000020d70691380, 0x0000020d70690e70, 0x0000020d7068f520, 0x0000020d70690450,
0x0000020d70690960, 0x0000020d8aa03970, 0x0000020d8aa006d0, 0x0000020d8aa001c0,
0x0000020d8aa02a40, 0x0000020d8aa02f50, 0x0000020d8aa02530, 0x0000020d8aa01b10,
0x0000020d8aa03460, 0x0000020d8aa01600, 0x0000020d8aa02020, 0x0000020d8aa03e80,
0x0000020d8aa05ce0, 0x0000020d8aa04db0, 0x0000020d8aa06700, 0x0000020d8aa057d0,
0x0000020d8aa07b40, 0x0000020d8aa052c0, 0x0000020d8aa061f0, 0x0000020d70f56000,
0x0000020d70f57540, 0x0000020d70f52590, 0x0000020d8c575000, 0x0000020d8c575550,
0x0000020d70a7db00, 0x0000020d70a7ea30, 0x0000020d70a80890, 0x0000020d70a7f450,
0x0000020d70a80380, 0x0000020d70a7f960, 0x0000020d70a7fe70, 0x0000020d70a80da0,
0x0000020d70a7ef40, 0x0000020d70a812b0, 0x0000020d70a817c0, 0x0000020d70a7e010,
0x0000020d70a82c00, 0x0000020d70a85480, 0x0000020d70a81cd0, 0x0000020d70a83620,
0x0000020d70a83110, 0x0000020d70a85990, 0x0000020d70a821e0, 0x0000020d70a84f70,
0x0000020d70a826f0, 0x0000020d70a85ea0, 0x0000020d70a83b30, 0x0000020d70a863b0,
0x0000020d70a868c0, 0x0000020d70a86dd0, 0x0000020d70a872e0, 0x0000020d70a84a60,
0x0000020d70a877f0, 0x0000020d70a84040, 0x0000020d70a88720, 0x0000020d70a8b4b0,
0x0000020d70a89140, 0x0000020d70a88c30, 0x0000020d70a89b60, 0x0000020d70a8a070,
0x0000020d70a8a580, 0x0000020d70a8aa90, 0x0000020d70a8afa0, 0x0000020d70a87d00,
0x0000020d70a88210, 0x0000020d70a8b9c0, 0x0000020d70a8bed0, 0x0000020d70a8d310,
0x0000020d70a8c3e0
}

Java Threads: ( => current thread )
  0x0000020d74523a80 JavaThread "main" [_thread_blocked, id=9972, stack(0x0000008a94b00000,0x0000008a94c00000)]
  0x0000020d7f046570 JavaThread "Reference Handler" daemon [_thread_blocked, id=24356, stack(0x0000008a95200000,0x0000008a95300000)]
  0x0000020d7f049050 JavaThread "Finalizer" daemon [_thread_blocked, id=26612, stack(0x0000008a95300000,0x0000008a95400000)]
  0x0000020d7f056890 JavaThread "Signal Dispatcher" daemon [_thread_blocked, id=15872, stack(0x0000008a95400000,0x0000008a95500000)]
  0x0000020d7f059170 JavaThread "Attach Listener" daemon [_thread_blocked, id=18516, stack(0x0000008a95500000,0x0000008a95600000)]
  0x0000020d7f059a40 JavaThread "Service Thread" daemon [_thread_blocked, id=26444, stack(0x0000008a95600000,0x0000008a95700000)]
  0x0000020d7f05c320 JavaThread "Monitor Deflation Thread" daemon [_thread_blocked, id=21296, stack(0x0000008a95700000,0x0000008a95800000)]
  0x0000020d7f064f30 JavaThread "C2 CompilerThread0" daemon [_thread_blocked, id=16104, stack(0x0000008a95800000,0x0000008a95900000)]
  0x0000020d7f1d1ee0 JavaThread "C1 CompilerThread0" daemon [_thread_blocked, id=33516, stack(0x0000008a95900000,0x0000008a95a00000)]
  0x0000020d7f1d27f0 JavaThread "Sweeper thread" daemon [_thread_blocked, id=26716, stack(0x0000008a95a00000,0x0000008a95b00000)]
  0x0000020d7eff2120 JavaThread "Common-Cleaner" daemon [_thread_blocked, id=34944, stack(0x0000008a95b00000,0x0000008a95c00000)]
  0x0000020d7f43e620 JavaThread "Notification Thread" daemon [_thread_blocked, id=18328, stack(0x0000008a95e00000,0x0000008a95f00000)]
  0x0000020d6f8eda20 JavaThread "Daemon health stats" [_thread_blocked, id=6572, stack(0x0000008a96500000,0x0000008a96600000)]
  0x0000020d7f971e40 JavaThread "Incoming local TCP Connector on port 59887" [_thread_in_native, id=18292, stack(0x0000008a96600000,0x0000008a96700000)]
  0x0000020d7f9a8560 JavaThread "Daemon periodic checks" [_thread_blocked, id=10380, stack(0x0000008a96700000,0x0000008a96800000)]
  0x0000020d6f653ac0 JavaThread "Daemon" [_thread_blocked, id=20756, stack(0x0000008a96800000,0x0000008a96900000)]
  0x0000020d70443e10 JavaThread "Handler for socket connection from /127.0.0.1:59887 to /127.0.0.1:59888" [_thread_in_native, id=30448, stack(0x0000008a96900000,0x0000008a96a00000)]
  0x0000020d704429d0 JavaThread "Cancel handler" [_thread_blocked, id=10228, stack(0x0000008a96a00000,0x0000008a96b00000)]
  0x0000020d70441fb0 JavaThread "Daemon worker" [_thread_blocked, id=36428, stack(0x0000008a96b00000,0x0000008a96c00000)]
  0x0000020d70443900 JavaThread "Asynchronous log dispatcher for DefaultDaemonConnection: socket connection from /127.0.0.1:59887 to /127.0.0.1:59888" [_thread_blocked, id=35624, stack(0x0000008a96c00000,0x0000008a96d00000)]
  0x0000020d70441590 JavaThread "Stdin handler" [_thread_blocked, id=28084, stack(0x0000008a96d00000,0x0000008a96e00000)]
  0x0000020d70444320 JavaThread "Daemon client event forwarder" [_thread_blocked, id=23784, stack(0x0000008a96e00000,0x0000008a96f00000)]
  0x0000020d70442ee0 JavaThread "Cache worker for journal cache (C:\Users\jordi\.gradle\caches\journal-1)" [_thread_blocked, id=31056, stack(0x0000008a96f00000,0x0000008a97000000)]
  0x0000020d70441aa0 JavaThread "File lock request listener" [_thread_in_native, id=25284, stack(0x0000008a97000000,0x0000008a97100000)]
  0x0000020d704424c0 JavaThread "Cache worker for file hash cache (C:\Users\jordi\.gradle\caches\9.1.0\fileHashes)" [_thread_blocked, id=1680, stack(0x0000008a97100000,0x0000008a97200000)]
  0x0000020d70441080 JavaThread "Cache worker for file hash cache (C:\Users\jordi\OneDrive\Documentos\Aplicacion Moteles\app_moteles\android\.gradle\9.1.0\fileHashes)" [_thread_blocked, id=32280, stack(0x0000008a97b00000,0x0000008a97c00000)]
  0x0000020d704433f0 JavaThread "Cache worker for Build Output Cleanup Cache (C:\Users\jordi\OneDrive\Documentos\Aplicacion Moteles\app_moteles\android\.gradle\buildOutputCleanup)" [_thread_blocked, id=33736, stack(0x0000008a97c00000,0x0000008a97d00000)]
  0x0000020d70444830 JavaThread "File watcher server" daemon [_thread_in_native, id=2696, stack(0x0000008a97d00000,0x0000008a97e00000)]
  0x0000020d80129a80 JavaThread "File watcher consumer" daemon [_thread_blocked, id=12960, stack(0x0000008a97e00000,0x0000008a97f00000)]
  0x0000020d8012b3d0 JavaThread "jar transforms" [_thread_blocked, id=33528, stack(0x0000008a97f00000,0x0000008a98000000)]
  0x0000020d8012c300 JavaThread "jar transforms Thread 2" [_thread_blocked, id=28612, stack(0x0000008a98000000,0x0000008a98100000)]
  0x0000020d8012aec0 JavaThread "jar transforms Thread 3" [_thread_blocked, id=26168, stack(0x0000008a98100000,0x0000008a98200000)]
  0x0000020d8012c810 JavaThread "Cache worker for checksums cache (C:\Users\jordi\OneDrive\Documentos\Aplicacion Moteles\app_moteles\android\.gradle\9.1.0\checksums)" [_thread_blocked, id=15712, stack(0x0000008a98200000,0x0000008a98300000)]
  0x0000020d8012b8e0 JavaThread "Cache worker for file content cache (C:\Users\jordi\.gradle\caches\9.1.0\fileContent)" [_thread_blocked, id=29220, stack(0x0000008a98300000,0x0000008a98400000)]
  0x0000020d80129570 JavaThread "Cache worker for cache directory md-supplier (C:\Users\jordi\.gradle\caches\9.1.0\md-supplier)" [_thread_blocked, id=10040, stack(0x0000008a98400000,0x0000008a98500000)]
  0x0000020d8012dc50 JavaThread "Cache worker for cache directory md-rule (C:\Users\jordi\.gradle\caches\9.1.0\md-rule)" [_thread_blocked, id=15036, stack(0x0000008a98500000,0x0000008a98600000)]
  0x0000020d8012d740 JavaThread "jar transforms Thread 4" [_thread_blocked, id=11660, stack(0x0000008a98600000,0x0000008a98700000)]
  0x0000020d8012a4a0 JavaThread "jar transforms Thread 5" [_thread_blocked, id=16584, stack(0x0000008a98700000,0x0000008a98800000)]
  0x0000020d8012e160 JavaThread "jar transforms Thread 6" [_thread_blocked, id=19948, stack(0x0000008a98800000,0x0000008a98900000)]
  0x0000020d8012f5a0 JavaThread "jar transforms Thread 7" [_thread_blocked, id=18956, stack(0x0000008a98900000,0x0000008a98a00000)]
  0x0000020d8012e670 JavaThread "jar transforms Thread 8" [_thread_blocked, id=34936, stack(0x0000008a98a00000,0x0000008a98b00000)]
  0x0000020d8012eb80 JavaThread "jar transforms Thread 9" [_thread_blocked, id=6324, stack(0x0000008a98b00000,0x0000008a98c00000)]
  0x0000020d8012ffc0 JavaThread "jar transforms Thread 10" [_thread_blocked, id=26500, stack(0x0000008a98c00000,0x0000008a98d00000)]
  0x0000020d801309e0 JavaThread "jar transforms Thread 11" [_thread_blocked, id=31368, stack(0x0000008a98d00000,0x0000008a98e00000)]
  0x0000020d8012f090 JavaThread "jar transforms Thread 12" [_thread_blocked, id=30060, stack(0x0000008a98e00000,0x0000008a98f00000)]
  0x0000020d8012fab0 JavaThread "jar transforms Thread 13" [_thread_blocked, id=35036, stack(0x0000008a98f00000,0x0000008a99000000)]
  0x0000020d801304d0 JavaThread "jar transforms Thread 14" [_thread_blocked, id=33760, stack(0x0000008a99000000,0x0000008a99100000)]
  0x0000020d81396140 JavaThread "jar transforms Thread 15" [_thread_blocked, id=24868, stack(0x0000008a99100000,0x0000008a99200000)]
  0x0000020d82474a70 JavaThread "Cache worker for Build Output Cleanup Cache (C:\flutter\packages\flutter_tools\gradle\.gradle\buildOutputCleanup)" [_thread_blocked, id=35760, stack(0x0000008a99e00000,0x0000008a99f00000)]
  0x0000020d9afd2230 JavaThread "Unconstrained build operations" [_thread_blocked, id=22392, stack(0x0000008a9a100000,0x0000008a9a200000)]
  0x0000020d9afcfec0 JavaThread "Unconstrained build operations Thread 2" [_thread_blocked, id=4668, stack(0x0000008a9a200000,0x0000008a9a300000)]
  0x0000020d9afcf4a0 JavaThread "Unconstrained build operations Thread 3" [_thread_blocked, id=30604, stack(0x0000008a9a300000,0x0000008a9a400000)]
  0x0000020d9afd03d0 JavaThread "Unconstrained build operations Thread 4" [_thread_blocked, id=35860, stack(0x0000008a9a400000,0x0000008a9a500000)]
  0x0000020d9afd0df0 JavaThread "Unconstrained build operations Thread 5" [_thread_blocked, id=30548, stack(0x0000008a9a500000,0x0000008a9a600000)]
  0x0000020d9afd08e0 JavaThread "Unconstrained build operations Thread 6" [_thread_blocked, id=36824, stack(0x0000008a9a600000,0x0000008a9a700000)]
  0x0000020d9afd1810 JavaThread "Unconstrained build operations Thread 7" [_thread_blocked, id=22460, stack(0x0000008a9a700000,0x0000008a9a800000)]
  0x0000020d9afd1d20 JavaThread "Unconstrained build operations Thread 8" [_thread_blocked, id=14028, stack(0x0000008a9a800000,0x0000008a9a900000)]
  0x0000020d9afcef90 JavaThread "Unconstrained build operations Thread 9" [_thread_blocked, id=32492, stack(0x0000008a9a900000,0x0000008a9aa00000)]
  0x0000020d9afcea80 JavaThread "Unconstrained build operations Thread 10" [_thread_blocked, id=27536, stack(0x0000008a9aa00000,0x0000008a9ab00000)]
  0x0000020d9afd45a0 JavaThread "Unconstrained build operations Thread 11" [_thread_blocked, id=36424, stack(0x0000008a9ab00000,0x0000008a9ac00000)]
  0x0000020d9afd59e0 JavaThread "Unconstrained build operations Thread 12" [_thread_blocked, id=33552, stack(0x0000008a9ac00000,0x0000008a9ad00000)]
  0x0000020d9afd2740 JavaThread "Unconstrained build operations Thread 13" [_thread_blocked, id=29820, stack(0x0000008a9ad00000,0x0000008a9ae00000)]
  0x0000020d9afd5ef0 JavaThread "Unconstrained build operations Thread 14" [_thread_blocked, id=6872, stack(0x0000008a9ae00000,0x0000008a9af00000)]
  0x0000020d9afd6400 JavaThread "Unconstrained build operations Thread 15" [_thread_blocked, id=36808, stack(0x0000008a9af00000,0x0000008a9b000000)]
  0x0000020d9afd4fc0 JavaThread "Unconstrained build operations Thread 16" [_thread_blocked, id=24888, stack(0x0000008a9b000000,0x0000008a9b100000)]
  0x0000020d9afd2c50 JavaThread "Unconstrained build operations Thread 17" [_thread_blocked, id=32536, stack(0x0000008a9b100000,0x0000008a9b200000)]
  0x0000020d9afd54d0 JavaThread "Unconstrained build operations Thread 18" [_thread_blocked, id=32252, stack(0x0000008a9b200000,0x0000008a9b300000)]
  0x0000020d9afd3160 JavaThread "Unconstrained build operations Thread 19" [_thread_blocked, id=30184, stack(0x0000008a9b300000,0x0000008a9b400000)]
  0x0000020d9afd3670 JavaThread "Unconstrained build operations Thread 20" [_thread_blocked, id=28544, stack(0x0000008a9b400000,0x0000008a9b500000)]
  0x0000020d9afd3b80 JavaThread "Unconstrained build operations Thread 21" [_thread_blocked, id=30080, stack(0x0000008a9b500000,0x0000008a9b600000)]
  0x0000020d9afd4090 JavaThread "Unconstrained build operations Thread 22" [_thread_blocked, id=8260, stack(0x0000008a9b600000,0x0000008a9b700000)]
  0x0000020d9afd4ab0 JavaThread "Unconstrained build operations Thread 23" [_thread_blocked, id=27676, stack(0x0000008a9b700000,0x0000008a9b800000)]
  0x0000020d813984b0 JavaThread "Unconstrained build operations Thread 24" [_thread_blocked, id=33340, stack(0x0000008a9b800000,0x0000008a9b900000)]
  0x0000020d81395720 JavaThread "Unconstrained build operations Thread 25" [_thread_blocked, id=17704, stack(0x0000008a9b900000,0x0000008a9ba00000)]
  0x0000020d8139b750 JavaThread "Unconstrained build operations Thread 26" [_thread_blocked, id=24360, stack(0x0000008a9ba00000,0x0000008a9bb00000)]
  0x0000020d8139bc60 JavaThread "Unconstrained build operations Thread 27" [_thread_blocked, id=19056, stack(0x0000008a9bb00000,0x0000008a9bc00000)]
  0x0000020d8246f460 JavaThread "Unconstrained build operations Thread 28" [_thread_blocked, id=33744, stack(0x0000008a9bc00000,0x0000008a9bd00000)]
  0x0000020d82473120 JavaThread "Unconstrained build operations Thread 29" [_thread_blocked, id=27800, stack(0x0000008a9bd00000,0x0000008a9be00000)]
  0x0000020d70dc38e0 JavaThread "Unconstrained build operations Thread 30" [_thread_blocked, id=35028, stack(0x0000008a9be00000,0x0000008a9bf00000)]
  0x0000020d70dc24a0 JavaThread "Unconstrained build operations Thread 31" [_thread_blocked, id=24328, stack(0x0000008a9bf00000,0x0000008a9c000000)]
  0x0000020d70dc1f90 JavaThread "Unconstrained build operations Thread 32" [_thread_blocked, id=13468, stack(0x0000008a9c000000,0x0000008a9c100000)]
  0x0000020d70dc1570 JavaThread "Unconstrained build operations Thread 33" [_thread_blocked, id=7116, stack(0x0000008a9c100000,0x0000008a9c200000)]
  0x0000020d70dc4810 JavaThread "Unconstrained build operations Thread 34" [_thread_blocked, id=17084, stack(0x0000008a9c200000,0x0000008a9c300000)]
  0x0000020d70dc29b0 JavaThread "Unconstrained build operations Thread 35" [_thread_blocked, id=3824, stack(0x0000008a9c300000,0x0000008a9c400000)]
  0x0000020d70dc1060 JavaThread "Unconstrained build operations Thread 36" [_thread_blocked, id=34812, stack(0x0000008a9c400000,0x0000008a9c500000)]
  0x0000020d70dc2ec0 JavaThread "Unconstrained build operations Thread 37" [_thread_blocked, id=15536, stack(0x0000008a9c500000,0x0000008a9c600000)]
  0x0000020d70dc33d0 JavaThread "Unconstrained build operations Thread 38" [_thread_blocked, id=9388, stack(0x0000008a9c600000,0x0000008a9c700000)]
  0x0000020d70dc4d20 JavaThread "Unconstrained build operations Thread 39" [_thread_blocked, id=17688, stack(0x0000008a9c700000,0x0000008a9c800000)]
  0x0000020d70dc3df0 JavaThread "Unconstrained build operations Thread 40" [_thread_blocked, id=20188, stack(0x0000008a9c800000,0x0000008a9c900000)]
  0x0000020d70dc4300 JavaThread "Unconstrained build operations Thread 41" [_thread_blocked, id=16984, stack(0x0000008a9c900000,0x0000008a9ca00000)]
  0x0000020d70dc5230 JavaThread "Unconstrained build operations Thread 42" [_thread_blocked, id=36736, stack(0x0000008a9ca00000,0x0000008a9cb00000)]
  0x0000020d70dc1a80 JavaThread "Unconstrained build operations Thread 43" [_thread_blocked, id=26652, stack(0x0000008a9cb00000,0x0000008a9cc00000)]
  0x0000020d70dc7ab0 JavaThread "Unconstrained build operations Thread 44" [_thread_blocked, id=21240, stack(0x0000008a9cc00000,0x0000008a9cd00000)]
  0x0000020d70dc84d0 JavaThread "Unconstrained build operations Thread 45" [_thread_blocked, id=33136, stack(0x0000008a9cd00000,0x0000008a9ce00000)]
  0x0000020d70dc7fc0 JavaThread "Memory manager" [_thread_blocked, id=13900, stack(0x0000008a9ce00000,0x0000008a9cf00000)]
  0x0000020d70dc5740 JavaThread "build event listener" [_thread_blocked, id=19000, stack(0x0000008a99c00000,0x0000008a99d00000)]
  0x0000020d70dc7090 JavaThread "Kotlin DSL Writer" [_thread_blocked, id=34580, stack(0x0000008a9d000000,0x0000008a9d100000)]
  0x0000020d8c677610 JavaThread "included builds" [_thread_blocked, id=24416, stack(0x0000008a9cf00000,0x0000008a9d000000)]
  0x0000020d80129060 JavaThread "Execution worker" [_thread_blocked, id=28892, stack(0x0000008a9d100000,0x0000008a9d200000)]
  0x0000020d8ae0c7c0 JavaThread "Execution worker Thread 2" [_thread_blocked, id=36324, stack(0x0000008a9d200000,0x0000008a9d300000)]
  0x0000020d8ae0f040 JavaThread "Execution worker Thread 3" [_thread_blocked, id=12768, stack(0x0000008a9d300000,0x0000008a9d400000)]
  0x0000020d8ae0d1e0 JavaThread "Execution worker Thread 4" [_thread_blocked, id=8560, stack(0x0000008a9d400000,0x0000008a9d500000)]
  0x0000020d8ae0f550 JavaThread "Execution worker Thread 5" [_thread_blocked, id=26772, stack(0x0000008a9d500000,0x0000008a9d600000)]
  0x0000020d8ae0dc00 JavaThread "Execution worker Thread 6" [_thread_blocked, id=28180, stack(0x0000008a9d600000,0x0000008a9d700000)]
  0x0000020d8ae0ff70 JavaThread "Execution worker Thread 7" [_thread_blocked, id=3204, stack(0x0000008a9d700000,0x0000008a9d800000)]
  0x0000020d8ae0e620 JavaThread "Execution worker Thread 8" [_thread_blocked, id=20252, stack(0x0000008a9d800000,0x0000008a9d900000)]
  0x0000020d8ae10480 JavaThread "Execution worker Thread 9" [_thread_blocked, id=34544, stack(0x0000008a9d900000,0x0000008a9da00000)]
  0x0000020d8ae0ccd0 JavaThread "Execution worker Thread 10" [_thread_blocked, id=35968, stack(0x0000008a9da00000,0x0000008a9db00000)]
  0x0000020d8ae0eb30 JavaThread "Execution worker Thread 11" [_thread_blocked, id=19104, stack(0x0000008a9db00000,0x0000008a9dc00000)]
  0x0000020d8ae0fa60 JavaThread "Execution worker Thread 12" [_thread_blocked, id=35084, stack(0x0000008a9dc00000,0x0000008a9dd00000)]
  0x0000020d8ae10990 JavaThread "Execution worker Thread 13" [_thread_blocked, id=24964, stack(0x0000008a9dd00000,0x0000008a9de00000)]
  0x0000020d8ae10ea0 JavaThread "Execution worker Thread 14" [_thread_blocked, id=8028, stack(0x0000008a9de00000,0x0000008a9df00000)]
  0x0000020d8ae0d6f0 JavaThread "Execution worker Thread 15" [_thread_blocked, id=31752, stack(0x0000008a9df00000,0x0000008a9e000000)]
  0x0000020d8ae113b0 JavaThread "Cache worker for execution history cache (C:\flutter\packages\flutter_tools\gradle\.gradle\9.1.0\executionHistory)" [_thread_blocked, id=34260, stack(0x0000008a9e000000,0x0000008a9e100000)]
  0x0000020d8ae118c0 JavaThread "Unconstrained build operations Thread 46" [_thread_blocked, id=13808, stack(0x0000008a9e100000,0x0000008a9e200000)]
  0x0000020d8ae0e110 JavaThread "Unconstrained build operations Thread 47" [_thread_blocked, id=24712, stack(0x0000008a9e200000,0x0000008a9e300000)]
  0x0000020d8ae11dd0 JavaThread "Unconstrained build operations Thread 48" [_thread_blocked, id=26496, stack(0x0000008a9e300000,0x0000008a9e400000)]
  0x0000020d8ae122e0 JavaThread "Unconstrained build operations Thread 49" [_thread_blocked, id=8428, stack(0x0000008a9e400000,0x0000008a9e500000)]
  0x0000020d8ae127f0 JavaThread "Unconstrained build operations Thread 50" [_thread_blocked, id=29180, stack(0x0000008a9e500000,0x0000008a9e600000)]
  0x0000020d8ae13720 JavaThread "Unconstrained build operations Thread 51" [_thread_blocked, id=22836, stack(0x0000008a9e600000,0x0000008a9e700000)]
  0x0000020d8ae12d00 JavaThread "Unconstrained build operations Thread 52" [_thread_blocked, id=25648, stack(0x0000008a9e700000,0x0000008a9e800000)]
  0x0000020d8ae13210 JavaThread "Unconstrained build operations Thread 53" [_thread_blocked, id=25288, stack(0x0000008a9e800000,0x0000008a9e900000)]
  0x0000020d8ae13c30 JavaThread "Unconstrained build operations Thread 54" [_thread_blocked, id=29936, stack(0x0000008a9e900000,0x0000008a9ea00000)]
  0x0000020d8ae14140 JavaThread "Unconstrained build operations Thread 55" [_thread_blocked, id=15868, stack(0x0000008a9ea00000,0x0000008a9eb00000)]
  0x0000020d7068cca0 JavaThread "Unconstrained build operations Thread 56" [_thread_blocked, id=6148, stack(0x0000008a9eb00000,0x0000008a9ec00000)]
  0x0000020d7068b350 JavaThread "Unconstrained build operations Thread 57" [_thread_blocked, id=20060, stack(0x0000008a9ec00000,0x0000008a9ed00000)]
  0x0000020d7068b860 JavaThread "Unconstrained build operations Thread 58" [_thread_blocked, id=12636, stack(0x0000008a9ed00000,0x0000008a9ee00000)]
  0x0000020d7068dbd0 JavaThread "Unconstrained build operations Thread 59" [_thread_blocked, id=9672, stack(0x0000008a9ee00000,0x0000008a9ef00000)]
  0x0000020d7068a930 JavaThread "Unconstrained build operations Thread 60" [_thread_blocked, id=29248, stack(0x0000008a9ef00000,0x0000008a9f000000)]
  0x0000020d7068c280 JavaThread "Unconstrained build operations Thread 61" [_thread_blocked, id=14544, stack(0x0000008a9f000000,0x0000008a9f100000)]
  0x0000020d7068a420 JavaThread "Unconstrained build operations Thread 62" [_thread_blocked, id=9820, stack(0x0000008a9f100000,0x0000008a9f200000)]
  0x0000020d7068bd70 JavaThread "Unconstrained build operations Thread 63" [_thread_blocked, id=15648, stack(0x0000008a9f200000,0x0000008a9f300000)]
  0x0000020d7068e0e0 JavaThread "Unconstrained build operations Thread 64" [_thread_blocked, id=32688, stack(0x0000008a9f300000,0x0000008a9f400000)]
  0x0000020d7068e5f0 JavaThread "Unconstrained build operations Thread 65" [_thread_blocked, id=20500, stack(0x0000008a9f400000,0x0000008a9f500000)]
  0x0000020d7068d1b0 JavaThread "Unconstrained build operations Thread 66" [_thread_blocked, id=31928, stack(0x0000008a9f500000,0x0000008a9f600000)]
  0x0000020d7068c790 JavaThread "Unconstrained build operations Thread 67" [_thread_blocked, id=32344, stack(0x0000008a9f600000,0x0000008a9f700000)]
  0x0000020d7068d6c0 JavaThread "Unconstrained build operations Thread 68" [_thread_blocked, id=32780, stack(0x0000008a9f700000,0x0000008a9f800000)]
  0x0000020d7068ae40 JavaThread "Unconstrained build operations Thread 69" [_thread_blocked, id=24552, stack(0x0000008a9f800000,0x0000008a9f900000)]
  0x0000020d7068fa30 JavaThread "Unconstrained build operations Thread 70" [_thread_blocked, id=8140, stack(0x0000008a9f900000,0x0000008a9fa00000)]
  0x0000020d70691890 JavaThread "Unconstrained build operations Thread 71" [_thread_blocked, id=15504, stack(0x0000008a9fa00000,0x0000008a9fb00000)]
  0x0000020d70691da0 JavaThread "Unconstrained build operations Thread 72" [_thread_blocked, id=34156, stack(0x0000008a9fb00000,0x0000008a9fc00000)]
  0x0000020d7068eb00 JavaThread "Unconstrained build operations Thread 73" [_thread_blocked, id=29904, stack(0x0000008a9fc00000,0x0000008a9fd00000)]
  0x0000020d7068f010 JavaThread "Unconstrained build operations Thread 74" [_thread_blocked, id=32040, stack(0x0000008a9fd00000,0x0000008a9fe00000)]
  0x0000020d7068ff40 JavaThread "Unconstrained build operations Thread 75" [_thread_blocked, id=16176, stack(0x0000008a9ff00000,0x0000008aa0000000)]
  0x0000020d70691380 JavaThread "Unconstrained build operations Thread 76" [_thread_blocked, id=34360, stack(0x0000008aa0000000,0x0000008aa0100000)]
  0x0000020d70690e70 JavaThread "Unconstrained build operations Thread 77" [_thread_blocked, id=24532, stack(0x0000008aa0100000,0x0000008aa0200000)]
  0x0000020d7068f520 JavaThread "Unconstrained build operations Thread 78" [_thread_blocked, id=24572, stack(0x0000008aa0200000,0x0000008aa0300000)]
  0x0000020d70690450 JavaThread "Unconstrained build operations Thread 79" [_thread_blocked, id=6436, stack(0x0000008aa0300000,0x0000008aa0400000)]
  0x0000020d70690960 JavaThread "Unconstrained build operations Thread 80" [_thread_blocked, id=22992, stack(0x0000008aa0400000,0x0000008aa0500000)]
  0x0000020d8aa03970 JavaThread "Unconstrained build operations Thread 81" [_thread_blocked, id=26900, stack(0x0000008aa0500000,0x0000008aa0600000)]
  0x0000020d8aa006d0 JavaThread "Unconstrained build operations Thread 82" [_thread_blocked, id=24604, stack(0x0000008aa0600000,0x0000008aa0700000)]
  0x0000020d8aa001c0 JavaThread "Unconstrained build operations Thread 83" [_thread_blocked, id=17228, stack(0x0000008aa0700000,0x0000008aa0800000)]
  0x0000020d8aa02a40 JavaThread "Unconstrained build operations Thread 84" [_thread_blocked, id=33488, stack(0x0000008aa0800000,0x0000008aa0900000)]
  0x0000020d8aa02f50 JavaThread "Unconstrained build operations Thread 85" [_thread_blocked, id=17448, stack(0x0000008aa0900000,0x0000008aa0a00000)]
  0x0000020d8aa02530 JavaThread "Unconstrained build operations Thread 86" [_thread_blocked, id=22096, stack(0x0000008aa0a00000,0x0000008aa0b00000)]
  0x0000020d8aa01b10 JavaThread "Unconstrained build operations Thread 87" [_thread_blocked, id=35688, stack(0x0000008aa0b00000,0x0000008aa0c00000)]
  0x0000020d8aa03460 JavaThread "Unconstrained build operations Thread 88" [_thread_blocked, id=8836, stack(0x0000008aa0c00000,0x0000008aa0d00000)]
  0x0000020d8aa01600 JavaThread "Unconstrained build operations Thread 89" [_thread_blocked, id=4936, stack(0x0000008aa0d00000,0x0000008aa0e00000)]
  0x0000020d8aa02020 JavaThread "Unconstrained build operations Thread 90" [_thread_blocked, id=33996, stack(0x0000008aa0e00000,0x0000008aa0f00000)]
  0x0000020d8aa03e80 JavaThread "Unconstrained build operations Thread 91" [_thread_blocked, id=6300, stack(0x0000008aa0f00000,0x0000008aa1000000)]
  0x0000020d8aa05ce0 JavaThread "WorkerExecutor Queue" [_thread_blocked, id=20744, stack(0x0000008aa1000000,0x0000008aa1100000)]
  0x0000020d8aa04db0 JavaThread "RMI Scheduler(0)" daemon [_thread_blocked, id=25500, stack(0x0000008a95d00000,0x0000008a95e00000)]
  0x0000020d8aa06700 JavaThread "RMI RenewClean-[127.0.0.1:17330,org.jetbrains.kotlin.daemon.common.LoopbackNetworkInterface$ClientLoopbackSocketFactory@1eec1b0b]" daemon [_thread_blocked, id=32652, stack(0x0000008a99d00000,0x0000008a99e00000)]
  0x0000020d8aa057d0 JavaThread "RMI GC Daemon" daemon [_thread_blocked, id=13376, stack(0x0000008a9fe00000,0x0000008a9ff00000)]
  0x0000020d8aa07b40 JavaThread "RMI TCP Accept-0" daemon [_thread_in_native, id=30900, stack(0x0000008aa1100000,0x0000008aa1200000)]
  0x0000020d8aa052c0 JavaThread "RMI Reaper" [_thread_blocked, id=36348, stack(0x0000008aa1200000,0x0000008aa1300000)]
  0x0000020d8aa061f0 JavaThread "RMI TCP Connection(2)-127.0.0.1" daemon [_thread_in_native, id=27356, stack(0x0000008aa1300000,0x0000008aa1400000)]
  0x0000020d70f56000 JavaThread "C2 CompilerThread1" daemon [_thread_blocked, id=7988, stack(0x0000008aa1500000,0x0000008aa1600000)]
  0x0000020d70f57540 JavaThread "C2 CompilerThread2" daemon [_thread_blocked, id=13340, stack(0x0000008aa1600000,0x0000008aa1700000)]
  0x0000020d70f52590 JavaThread "C1 CompilerThread1" daemon [_thread_blocked, id=13664, stack(0x0000008aa1700000,0x0000008aa1800000)]
  0x0000020d8c575000 JavaThread "C1 CompilerThread2" daemon [_thread_blocked, id=31460, stack(0x0000008aa1800000,0x0000008aa1900000)]
  0x0000020d8c575550 JavaThread "C1 CompilerThread3" daemon [_thread_blocked, id=30316, stack(0x0000008aa1900000,0x0000008aa1a00000)]
  0x0000020d70a7db00 JavaThread "Unconstrained build operations Thread 92" [_thread_blocked, id=2784, stack(0x0000008aa1a00000,0x0000008aa1b00000)]
  0x0000020d70a7ea30 JavaThread "Unconstrained build operations Thread 93" [_thread_blocked, id=2156, stack(0x0000008aa1b00000,0x0000008aa1c00000)]
  0x0000020d70a80890 JavaThread "Unconstrained build operations Thread 94" [_thread_blocked, id=3140, stack(0x0000008aa1c00000,0x0000008aa1d00000)]
  0x0000020d70a7f450 JavaThread "Unconstrained build operations Thread 95" [_thread_blocked, id=36264, stack(0x0000008aa1d00000,0x0000008aa1e00000)]
  0x0000020d70a80380 JavaThread "Unconstrained build operations Thread 96" [_thread_blocked, id=15564, stack(0x0000008aa1e00000,0x0000008aa1f00000)]
  0x0000020d70a7f960 JavaThread "Unconstrained build operations Thread 97" [_thread_blocked, id=35280, stack(0x0000008aa1f00000,0x0000008aa2000000)]
  0x0000020d70a7fe70 JavaThread "Unconstrained build operations Thread 98" [_thread_blocked, id=30288, stack(0x0000008aa2000000,0x0000008aa2100000)]
  0x0000020d70a80da0 JavaThread "Unconstrained build operations Thread 99" [_thread_blocked, id=8736, stack(0x0000008aa2100000,0x0000008aa2200000)]
  0x0000020d70a7ef40 JavaThread "Unconstrained build operations Thread 100" [_thread_blocked, id=15436, stack(0x0000008aa2200000,0x0000008aa2300000)]
  0x0000020d70a812b0 JavaThread "Unconstrained build operations Thread 101" [_thread_blocked, id=2912, stack(0x0000008aa2300000,0x0000008aa2400000)]
  0x0000020d70a817c0 JavaThread "Unconstrained build operations Thread 102" [_thread_blocked, id=5604, stack(0x0000008aa2400000,0x0000008aa2500000)]
  0x0000020d70a7e010 JavaThread "Unconstrained build operations Thread 103" [_thread_blocked, id=16040, stack(0x0000008aa2500000,0x0000008aa2600000)]
  0x0000020d70a82c00 JavaThread "Unconstrained build operations Thread 104" [_thread_blocked, id=33412, stack(0x0000008aa2600000,0x0000008aa2700000)]
  0x0000020d70a85480 JavaThread "Unconstrained build operations Thread 105" [_thread_blocked, id=22764, stack(0x0000008aa2700000,0x0000008aa2800000)]
  0x0000020d70a81cd0 JavaThread "Unconstrained build operations Thread 106" [_thread_blocked, id=4948, stack(0x0000008aa2800000,0x0000008aa2900000)]
  0x0000020d70a83620 JavaThread "Unconstrained build operations Thread 107" [_thread_blocked, id=31740, stack(0x0000008aa2900000,0x0000008aa2a00000)]
  0x0000020d70a83110 JavaThread "Unconstrained build operations Thread 108" [_thread_blocked, id=4472, stack(0x0000008aa2a00000,0x0000008aa2b00000)]
  0x0000020d70a85990 JavaThread "Unconstrained build operations Thread 109" [_thread_blocked, id=32216, stack(0x0000008aa2b00000,0x0000008aa2c00000)]
  0x0000020d70a821e0 JavaThread "Unconstrained build operations Thread 110" [_thread_blocked, id=7604, stack(0x0000008aa2c00000,0x0000008aa2d00000)]
  0x0000020d70a84f70 JavaThread "Unconstrained build operations Thread 111" [_thread_blocked, id=25516, stack(0x0000008aa2d00000,0x0000008aa2e00000)]
  0x0000020d70a826f0 JavaThread "Unconstrained build operations Thread 112" [_thread_blocked, id=16048, stack(0x0000008aa2e00000,0x0000008aa2f00000)]
  0x0000020d70a85ea0 JavaThread "Unconstrained build operations Thread 113" [_thread_blocked, id=22268, stack(0x0000008aa2f00000,0x0000008aa3000000)]
  0x0000020d70a83b30 JavaThread "Unconstrained build operations Thread 114" [_thread_blocked, id=3152, stack(0x0000008aa3000000,0x0000008aa3100000)]
  0x0000020d70a863b0 JavaThread "Unconstrained build operations Thread 115" [_thread_blocked, id=24988, stack(0x0000008aa3100000,0x0000008aa3200000)]
  0x0000020d70a868c0 JavaThread "Unconstrained build operations Thread 116" [_thread_blocked, id=13740, stack(0x0000008aa3200000,0x0000008aa3300000)]
  0x0000020d70a86dd0 JavaThread "Unconstrained build operations Thread 117" [_thread_blocked, id=16760, stack(0x0000008aa3300000,0x0000008aa3400000)]
  0x0000020d70a872e0 JavaThread "Unconstrained build operations Thread 118" [_thread_blocked, id=24656, stack(0x0000008aa3400000,0x0000008aa3500000)]
  0x0000020d70a84a60 JavaThread "Unconstrained build operations Thread 119" [_thread_blocked, id=23288, stack(0x0000008aa3500000,0x0000008aa3600000)]
  0x0000020d70a877f0 JavaThread "Unconstrained build operations Thread 120" [_thread_blocked, id=13648, stack(0x0000008aa3600000,0x0000008aa3700000)]
  0x0000020d70a84040 JavaThread "Unconstrained build operations Thread 121" [_thread_blocked, id=32716, stack(0x0000008aa3700000,0x0000008aa3800000)]
  0x0000020d70a88720 JavaThread "Unconstrained build operations Thread 122" [_thread_blocked, id=4956, stack(0x0000008aa3800000,0x0000008aa3900000)]
  0x0000020d70a8b4b0 JavaThread "Unconstrained build operations Thread 123" [_thread_blocked, id=31380, stack(0x0000008aa3900000,0x0000008aa3a00000)]
  0x0000020d70a89140 JavaThread "Unconstrained build operations Thread 124" [_thread_blocked, id=31784, stack(0x0000008aa3a00000,0x0000008aa3b00000)]
  0x0000020d70a88c30 JavaThread "Unconstrained build operations Thread 125" [_thread_blocked, id=23472, stack(0x0000008aa3b00000,0x0000008aa3c00000)]
  0x0000020d70a89b60 JavaThread "Unconstrained build operations Thread 126" [_thread_blocked, id=18344, stack(0x0000008aa3c00000,0x0000008aa3d00000)]
  0x0000020d70a8a070 JavaThread "Unconstrained build operations Thread 127" [_thread_blocked, id=12052, stack(0x0000008aa3d00000,0x0000008aa3e00000)]
  0x0000020d70a8a580 JavaThread "Unconstrained build operations Thread 128" [_thread_blocked, id=10208, stack(0x0000008aa3e00000,0x0000008aa3f00000)]
  0x0000020d70a8aa90 JavaThread "Unconstrained build operations Thread 129" [_thread_blocked, id=27340, stack(0x0000008aa3f00000,0x0000008aa4000000)]
  0x0000020d70a8afa0 JavaThread "Unconstrained build operations Thread 130" [_thread_blocked, id=6808, stack(0x0000008aa4000000,0x0000008aa4100000)]
  0x0000020d70a87d00 JavaThread "Unconstrained build operations Thread 131" [_thread_blocked, id=31640, stack(0x0000008aa4100000,0x0000008aa4200000)]
  0x0000020d70a88210 JavaThread "Unconstrained build operations Thread 132" [_thread_blocked, id=36548, stack(0x0000008aa4200000,0x0000008aa4300000)]
  0x0000020d70a8b9c0 JavaThread "Unconstrained build operations Thread 133" [_thread_blocked, id=29568, stack(0x0000008aa4300000,0x0000008aa4400000)]
  0x0000020d70a8bed0 JavaThread "Unconstrained build operations Thread 134" [_thread_blocked, id=15148, stack(0x0000008aa4400000,0x0000008aa4500000)]
  0x0000020d70a8d310 JavaThread "Unconstrained build operations Thread 135" [_thread_blocked, id=12908, stack(0x0000008aa4500000,0x0000008aa4600000)]
  0x0000020d70a8c3e0 JavaThread "Unconstrained build operations Thread 136" [_thread_blocked, id=8640, stack(0x0000008aa4600000,0x0000008aa4700000)]

Other Threads:
=>0x0000020d7f041010 VMThread "VM Thread" [stack: 0x0000008a95100000,0x0000008a95200000] [id=6528]
  0x0000020d745ccc20 WatcherThread [stack: 0x0000008a95f00000,0x0000008a96000000] [id=456]
  0x0000020d745946d0 GCTaskThread "GC Thread#0" [stack: 0x0000008a94c00000,0x0000008a94d00000] [id=32272]
  0x0000020d7f59ec70 GCTaskThread "GC Thread#1" [stack: 0x0000008a96000000,0x0000008a96100000] [id=3748]
  0x0000020d7f481a00 GCTaskThread "GC Thread#2" [stack: 0x0000008a96100000,0x0000008a96200000] [id=11252]
  0x0000020d7fb58360 GCTaskThread "GC Thread#3" [stack: 0x0000008a96200000,0x0000008a96300000] [id=29612]
  0x0000020d6f383050 GCTaskThread "GC Thread#4" [stack: 0x0000008a96300000,0x0000008a96400000] [id=6932]
  0x0000020d6f8608b0 GCTaskThread "GC Thread#5" [stack: 0x0000008a96400000,0x0000008a96500000] [id=36640]
  0x0000020d7058aeb0 GCTaskThread "GC Thread#6" [stack: 0x0000008a97200000,0x0000008a97300000] [id=32208]
  0x0000020d7058b5e0 GCTaskThread "GC Thread#7" [stack: 0x0000008a97300000,0x0000008a97400000] [id=16028]
  0x0000020d70544450 GCTaskThread "GC Thread#8" [stack: 0x0000008a97400000,0x0000008a97500000] [id=21508]
  0x0000020d70544710 GCTaskThread "GC Thread#9" [stack: 0x0000008a97500000,0x0000008a97600000] [id=8608]
  0x0000020d705449d0 GCTaskThread "GC Thread#10" [stack: 0x0000008a97600000,0x0000008a97700000] [id=18460]
  0x0000020d7ff5c060 GCTaskThread "GC Thread#11" [stack: 0x0000008a97700000,0x0000008a97800000] [id=23276]
  0x0000020d706b08d0 GCTaskThread "GC Thread#12" [stack: 0x0000008a97800000,0x0000008a97900000] [id=26240]
  0x0000020d745a5620 ConcurrentGCThread "G1 Main Marker" [stack: 0x0000008a94d00000,0x0000008a94e00000] [id=25428]
  0x0000020d745a6d00 ConcurrentGCThread "G1 Conc#0" [stack: 0x0000008a94e00000,0x0000008a94f00000] [id=36192]
  0x0000020d706b0b90 ConcurrentGCThread "G1 Conc#1" [stack: 0x0000008a97900000,0x0000008a97a00000] [id=24828]
  0x0000020d706b1690 ConcurrentGCThread "G1 Conc#2" [stack: 0x0000008a97a00000,0x0000008a97b00000] [id=18752]
  0x0000020d7eeb8f60 ConcurrentGCThread "G1 Refine#0" [stack: 0x0000008a94f00000,0x0000008a95000000] [id=12592]
  0x0000020d80af4ca0 ConcurrentGCThread "G1 Refine#1" [stack: 0x0000008a99200000,0x0000008a99300000] [id=12876]
  0x0000020d80af43d0 ConcurrentGCThread "G1 Refine#2" [stack: 0x0000008a99300000,0x0000008a99400000] [id=34400]
  0x0000020d80af3b00 ConcurrentGCThread "G1 Refine#3" [stack: 0x0000008a99400000,0x0000008a99500000] [id=30892]
  0x0000020d80af3df0 ConcurrentGCThread "G1 Refine#4" [stack: 0x0000008a99500000,0x0000008a99600000] [id=19216]
  0x0000020d80af2f40 ConcurrentGCThread "G1 Refine#5" [stack: 0x0000008a99600000,0x0000008a99700000] [id=7764]
  0x0000020d80af3520 ConcurrentGCThread "G1 Refine#6" [stack: 0x0000008a99700000,0x0000008a99800000] [id=20624]
  0x0000020d80af3810 ConcurrentGCThread "G1 Refine#7" [stack: 0x0000008a99800000,0x0000008a99900000] [id=8960]
  0x0000020d80af40e0 ConcurrentGCThread "G1 Refine#8" [stack: 0x0000008a99900000,0x0000008a99a00000] [id=6180]
  0x0000020d80af49b0 ConcurrentGCThread "G1 Refine#9" [stack: 0x0000008a99a00000,0x0000008a99b00000] [id=6680]
  0x0000020d80af46c0 ConcurrentGCThread "G1 Refine#10" [stack: 0x0000008a99b00000,0x0000008a99c00000] [id=6364]
  0x0000020d6f436710 ConcurrentGCThread "G1 Refine#11" [stack: 0x0000008a99f00000,0x0000008a9a000000] [id=10392]
  0x0000020d6f435860 ConcurrentGCThread "G1 Refine#12" [stack: 0x0000008a9a000000,0x0000008a9a100000] [id=17504]
  0x0000020d7eeb9740 ConcurrentGCThread "G1 Service" [stack: 0x0000008a95000000,0x0000008a95100000] [id=16880]

Threads with active compile tasks:
C2 CompilerThread0    52162 24803       4       org.jetbrains.org.objectweb.asm.ClassReader::readMethod (1093 bytes)
C2 CompilerThread1    52162 24839   !   4       org.jetbrains.kotlin.metadata.ProtoBuf$Package::<init> (656 bytes)
C2 CompilerThread2    52162 24986       4       java.util.zip.ZipFile$Source::initCEN (591 bytes)

VM state: at safepoint (normal execution)

VM Mutex/Monitor currently owned by a thread:  ([mutex/lock_event])
[0x0000020d72298120] Threads_lock - owner thread: 0x0000020d7f041010
[0x0000020d74520f60] Heap_lock - owner thread: 0x0000020d70441fb0

Heap address: 0x0000000700000000, size: 4096 MB, Compressed Oops mode: Zero based, Oop shift amount: 3

CDS archive(s) mapped at: [0x0000020d2a000000-0x0000020d2abd0000-0x0000020d2abd0000), size 12386304, SharedBaseAddress: 0x0000020d2a000000, ArchiveRelocationMode: 1.
Compressed class space mapped at: 0x0000020d2b000000-0x0000020d6b000000, reserved size: 1073741824
Narrow klass base: 0x0000020d2a000000, Narrow klass shift: 0, Narrow klass range: 0x100000000

GC Precious Log:
 CPUs: 16 total, 16 available
 Memory: 7498M
 Large Page Support: Disabled
 NUMA Support: Disabled
 Compressed Oops: Enabled (Zero based)
 Heap Region Size: 2M
 Heap Min Capacity: 8M
 Heap Initial Capacity: 118M
 Heap Max Capacity: 4G
 Pre-touch: Disabled
 Parallel Workers: 13
 Concurrent Workers: 3
 Concurrent Refinement Workers: 13
 Periodic GC: Disabled

Heap:
 garbage-first heap   total 516096K, used 422385K [0x0000000700000000, 0x0000000800000000)
  region size 2048K, 2 young (4096K), 2 survivors (4096K)
 Metaspace       used 156029K, committed 157248K, reserved 1245184K
  class space    used 19917K, committed 20480K, reserved 1048576K

Heap Regions: E=young(eden), S=young(survivor), O=old, HS=humongous(starts), HC=humongous(continues), CS=collection set, F=free, OA=open archive, CA=closed archive, TAMS=top-at-mark-start (previous, next)
|   0|0x0000000700000000, 0x0000000700200000, 0x0000000700200000|100%|HS|  |TAMS 0x0000000700200000, 0x0000000700200000| Complete 
|   1|0x0000000700200000, 0x0000000700400000, 0x0000000700400000|100%|HC|  |TAMS 0x0000000700400000, 0x0000000700400000| Complete 
|   2|0x0000000700400000, 0x0000000700600000, 0x0000000700600000|100%| O|  |TAMS 0x0000000700600000, 0x0000000700600000| Untracked 
|   3|0x0000000700600000, 0x0000000700800000, 0x0000000700800000|100%| O|  |TAMS 0x0000000700800000, 0x0000000700800000| Untracked 
|   4|0x0000000700800000, 0x0000000700a00000, 0x0000000700a00000|100%| O|  |TAMS 0x0000000700a00000, 0x0000000700a00000| Untracked 
|   5|0x0000000700a00000, 0x0000000700c00000, 0x0000000700c00000|100%| O|  |TAMS 0x0000000700c00000, 0x0000000700c00000| Untracked 
|   6|0x0000000700c00000, 0x0000000700e00000, 0x0000000700e00000|100%| O|  |TAMS 0x0000000700e00000, 0x0000000700e00000| Untracked 
|   7|0x0000000700e00000, 0x0000000701000000, 0x0000000701000000|100%| O|  |TAMS 0x0000000701000000, 0x0000000701000000| Untracked 
|   8|0x0000000701000000, 0x0000000701200000, 0x0000000701200000|100%| O|  |TAMS 0x0000000701200000, 0x0000000701200000| Untracked 
|   9|0x0000000701200000, 0x0000000701400000, 0x0000000701400000|100%| O|  |TAMS 0x0000000701400000, 0x0000000701400000| Untracked 
|  10|0x0000000701400000, 0x0000000701600000, 0x0000000701600000|100%| O|  |TAMS 0x0000000701600000, 0x0000000701600000| Untracked 
|  11|0x0000000701600000, 0x0000000701800000, 0x0000000701800000|100%| O|  |TAMS 0x0000000701800000, 0x0000000701800000| Untracked 
|  12|0x0000000701800000, 0x0000000701a00000, 0x0000000701a00000|100%| O|  |TAMS 0x0000000701a00000, 0x0000000701a00000| Untracked 
|  13|0x0000000701a00000, 0x0000000701c00000, 0x0000000701c00000|100%| O|  |TAMS 0x0000000701c00000, 0x0000000701c00000| Untracked 
|  14|0x0000000701c00000, 0x0000000701e00000, 0x0000000701e00000|100%| O|  |TAMS 0x0000000701e00000, 0x0000000701e00000| Untracked 
|  15|0x0000000701e00000, 0x0000000702000000, 0x0000000702000000|100%| O|  |TAMS 0x0000000702000000, 0x0000000702000000| Untracked 
|  16|0x0000000702000000, 0x0000000702200000, 0x0000000702200000|100%| O|  |TAMS 0x0000000702200000, 0x0000000702200000| Untracked 
|  17|0x0000000702200000, 0x0000000702400000, 0x0000000702400000|100%| O|  |TAMS 0x0000000702400000, 0x0000000702400000| Untracked 
|  18|0x0000000702400000, 0x0000000702600000, 0x0000000702600000|100%| O|  |TAMS 0x0000000702600000, 0x0000000702600000| Untracked 
|  19|0x0000000702600000, 0x0000000702800000, 0x0000000702800000|100%| O|  |TAMS 0x0000000702800000, 0x0000000702800000| Untracked 
|  20|0x0000000702800000, 0x0000000702a00000, 0x0000000702a00000|100%| O|  |TAMS 0x0000000702a00000, 0x0000000702a00000| Untracked 
|  21|0x0000000702a00000, 0x0000000702c00000, 0x0000000702c00000|100%| O|  |TAMS 0x0000000702c00000, 0x0000000702c00000| Untracked 
|  22|0x0000000702c00000, 0x0000000702dde400, 0x0000000702e00000| 93%| O|  |TAMS 0x0000000702dde400, 0x0000000702dde400| Untracked 
|  23|0x0000000702e00000, 0x0000000703000000, 0x0000000703000000|100%| O|  |TAMS 0x0000000703000000, 0x0000000703000000| Untracked 
|  24|0x0000000703000000, 0x0000000703200000, 0x0000000703200000|100%| O|  |TAMS 0x0000000703200000, 0x0000000703200000| Untracked 
|  25|0x0000000703200000, 0x0000000703400000, 0x0000000703400000|100%| O|  |TAMS 0x0000000703400000, 0x0000000703400000| Untracked 
|  26|0x0000000703400000, 0x0000000703600000, 0x0000000703600000|100%| O|  |TAMS 0x0000000703600000, 0x0000000703600000| Untracked 
|  27|0x0000000703600000, 0x0000000703800000, 0x0000000703800000|100%| O|  |TAMS 0x0000000703800000, 0x0000000703800000| Untracked 
|  28|0x0000000703800000, 0x0000000703a00000, 0x0000000703a00000|100%| O|  |TAMS 0x0000000703a00000, 0x0000000703a00000| Untracked 
|  29|0x0000000703a00000, 0x0000000703c00000, 0x0000000703c00000|100%| O|  |TAMS 0x0000000703c00000, 0x0000000703c00000| Untracked 
|  30|0x0000000703c00000, 0x0000000703e00000, 0x0000000703e00000|100%| O|  |TAMS 0x0000000703e00000, 0x0000000703e00000| Untracked 
|  31|0x0000000703e00000, 0x0000000704000000, 0x0000000704000000|100%| O|  |TAMS 0x0000000703e00000, 0x0000000704000000| Untracked 
|  32|0x0000000704000000, 0x0000000704200000, 0x0000000704200000|100%| O|  |TAMS 0x0000000704200000, 0x0000000704200000| Untracked 
|  33|0x0000000704200000, 0x0000000704400000, 0x0000000704400000|100%| O|  |TAMS 0x0000000704400000, 0x0000000704400000| Untracked 
|  34|0x0000000704400000, 0x0000000704600000, 0x0000000704600000|100%| O|  |TAMS 0x0000000704600000, 0x0000000704600000| Untracked 
|  35|0x0000000704600000, 0x0000000704800000, 0x0000000704800000|100%| O|  |TAMS 0x0000000704800000, 0x0000000704800000| Untracked 
|  36|0x0000000704800000, 0x0000000704a00000, 0x0000000704a00000|100%| O|  |TAMS 0x0000000704a00000, 0x0000000704a00000| Untracked 
|  37|0x0000000704a00000, 0x0000000704c00000, 0x0000000704c00000|100%| O|  |TAMS 0x0000000704c00000, 0x0000000704c00000| Untracked 
|  38|0x0000000704c00000, 0x0000000704e00000, 0x0000000704e00000|100%| O|  |TAMS 0x0000000704e00000, 0x0000000704e00000| Untracked 
|  39|0x0000000704e00000, 0x0000000705000000, 0x0000000705000000|100%| O|  |TAMS 0x0000000705000000, 0x0000000705000000| Untracked 
|  40|0x0000000705000000, 0x0000000705200000, 0x0000000705200000|100%| O|  |TAMS 0x0000000705200000, 0x0000000705200000| Untracked 
|  41|0x0000000705200000, 0x0000000705400000, 0x0000000705400000|100%| O|  |TAMS 0x0000000705400000, 0x0000000705400000| Untracked 
|  42|0x0000000705400000, 0x0000000705600000, 0x0000000705600000|100%| O|  |TAMS 0x0000000705600000, 0x0000000705600000| Untracked 
|  43|0x0000000705600000, 0x0000000705800000, 0x0000000705800000|100%| O|  |TAMS 0x0000000705800000, 0x0000000705800000| Untracked 
|  44|0x0000000705800000, 0x0000000705a00000, 0x0000000705a00000|100%| O|  |TAMS 0x0000000705a00000, 0x0000000705a00000| Untracked 
|  45|0x0000000705a00000, 0x0000000705c00000, 0x0000000705c00000|100%| O|  |TAMS 0x0000000705c00000, 0x0000000705c00000| Untracked 
|  46|0x0000000705c00000, 0x0000000705e00000, 0x0000000705e00000|100%| O|  |TAMS 0x0000000705c00000, 0x0000000705e00000| Untracked 
|  47|0x0000000705e00000, 0x0000000706000000, 0x0000000706000000|100%| O|  |TAMS 0x0000000706000000, 0x0000000706000000| Untracked 
|  48|0x0000000706000000, 0x0000000706200000, 0x0000000706200000|100%| O|  |TAMS 0x0000000706200000, 0x0000000706200000| Untracked 
|  49|0x0000000706200000, 0x0000000706400000, 0x0000000706400000|100%| O|  |TAMS 0x0000000706400000, 0x0000000706400000| Untracked 
|  50|0x0000000706400000, 0x0000000706600000, 0x0000000706600000|100%| O|  |TAMS 0x0000000706600000, 0x0000000706600000| Untracked 
|  51|0x0000000706600000, 0x0000000706800000, 0x0000000706800000|100%| O|  |TAMS 0x0000000706800000, 0x0000000706800000| Untracked 
|  52|0x0000000706800000, 0x0000000706a00000, 0x0000000706a00000|100%| O|  |TAMS 0x0000000706a00000, 0x0000000706a00000| Untracked 
|  53|0x0000000706a00000, 0x0000000706c00000, 0x0000000706c00000|100%| O|  |TAMS 0x0000000706c00000, 0x0000000706c00000| Untracked 
|  54|0x0000000706c00000, 0x0000000706e00000, 0x0000000706e00000|100%| O|  |TAMS 0x0000000706e00000, 0x0000000706e00000| Untracked 
|  55|0x0000000706e00000, 0x0000000707000000, 0x0000000707000000|100%| O|  |TAMS 0x0000000707000000, 0x0000000707000000| Untracked 
|  56|0x0000000707000000, 0x0000000707200000, 0x0000000707200000|100%| O|  |TAMS 0x0000000707200000, 0x0000000707200000| Untracked 
|  57|0x0000000707200000, 0x0000000707400000, 0x0000000707400000|100%| O|  |TAMS 0x0000000707200000, 0x0000000707400000| Untracked 
|  58|0x0000000707400000, 0x0000000707600000, 0x0000000707600000|100%| O|  |TAMS 0x0000000707400000, 0x0000000707600000| Untracked 
|  59|0x0000000707600000, 0x0000000707800000, 0x0000000707800000|100%| O|  |TAMS 0x0000000707600000, 0x0000000707800000| Untracked 
|  60|0x0000000707800000, 0x0000000707a00000, 0x0000000707a00000|100%| O|  |TAMS 0x0000000707800000, 0x0000000707a00000| Untracked 
|  61|0x0000000707a00000, 0x0000000707c00000, 0x0000000707c00000|100%| O|  |TAMS 0x0000000707a00000, 0x0000000707c00000| Untracked 
|  62|0x0000000707c00000, 0x0000000707e00000, 0x0000000707e00000|100%| O|  |TAMS 0x0000000707c00000, 0x0000000707e00000| Untracked 
|  63|0x0000000707e00000, 0x0000000708000000, 0x0000000708000000|100%| O|  |TAMS 0x0000000707e00000, 0x0000000708000000| Untracked 
|  64|0x0000000708000000, 0x0000000708200000, 0x0000000708200000|100%| O|  |TAMS 0x0000000708000000, 0x0000000708200000| Untracked 
|  65|0x0000000708200000, 0x0000000708400000, 0x0000000708400000|100%| O|  |TAMS 0x0000000708200000, 0x0000000708400000| Untracked 
|  66|0x0000000708400000, 0x0000000708600000, 0x0000000708600000|100%| O|  |TAMS 0x0000000708400000, 0x0000000708600000| Untracked 
|  67|0x0000000708600000, 0x0000000708800000, 0x0000000708800000|100%| O|  |TAMS 0x0000000708600000, 0x0000000708800000| Untracked 
|  68|0x0000000708800000, 0x0000000708a00000, 0x0000000708a00000|100%| O|  |TAMS 0x0000000708800000, 0x0000000708a00000| Untracked 
|  69|0x0000000708a00000, 0x0000000708c00000, 0x0000000708c00000|100%| O|  |TAMS 0x0000000708a00000, 0x0000000708c00000| Untracked 
|  70|0x0000000708c00000, 0x0000000708e00000, 0x0000000708e00000|100%| O|  |TAMS 0x0000000708c00000, 0x0000000708e00000| Untracked 
|  71|0x0000000708e00000, 0x0000000709000000, 0x0000000709000000|100%| O|  |TAMS 0x0000000708e00000, 0x0000000709000000| Untracked 
|  72|0x0000000709000000, 0x0000000709200000, 0x0000000709200000|100%| O|  |TAMS 0x0000000709000000, 0x0000000709200000| Untracked 
|  73|0x0000000709200000, 0x0000000709400000, 0x0000000709400000|100%| O|  |TAMS 0x0000000709200000, 0x0000000709400000| Untracked 
|  74|0x0000000709400000, 0x0000000709600000, 0x0000000709600000|100%| O|  |TAMS 0x0000000709400000, 0x0000000709600000| Untracked 
|  75|0x0000000709600000, 0x0000000709800000, 0x0000000709800000|100%| O|  |TAMS 0x0000000709600000, 0x0000000709800000| Untracked 
|  76|0x0000000709800000, 0x0000000709a00000, 0x0000000709a00000|100%| O|  |TAMS 0x0000000709800000, 0x0000000709a00000| Untracked 
|  77|0x0000000709a00000, 0x0000000709c00000, 0x0000000709c00000|100%| O|  |TAMS 0x0000000709a00000, 0x0000000709c00000| Untracked 
|  78|0x0000000709c00000, 0x0000000709e00000, 0x0000000709e00000|100%| O|  |TAMS 0x0000000709c00000, 0x0000000709e00000| Untracked 
|  79|0x0000000709e00000, 0x000000070a000000, 0x000000070a000000|100%| O|  |TAMS 0x0000000709e00000, 0x000000070a000000| Untracked 
|  80|0x000000070a000000, 0x000000070a200000, 0x000000070a200000|100%| O|  |TAMS 0x000000070a000000, 0x000000070a200000| Untracked 
|  81|0x000000070a200000, 0x000000070a400000, 0x000000070a400000|100%| O|  |TAMS 0x000000070a200000, 0x000000070a400000| Untracked 
|  82|0x000000070a400000, 0x000000070a600000, 0x000000070a600000|100%| O|  |TAMS 0x000000070a400000, 0x000000070a600000| Untracked 
|  83|0x000000070a600000, 0x000000070a800000, 0x000000070a800000|100%| O|  |TAMS 0x000000070a600000, 0x000000070a800000| Untracked 
|  84|0x000000070a800000, 0x000000070aa00000, 0x000000070aa00000|100%| O|  |TAMS 0x000000070a800000, 0x000000070aa00000| Untracked 
|  85|0x000000070aa00000, 0x000000070ac00000, 0x000000070ac00000|100%| O|  |TAMS 0x000000070aa00000, 0x000000070ac00000| Untracked 
|  86|0x000000070ac00000, 0x000000070ae00000, 0x000000070ae00000|100%| O|  |TAMS 0x000000070ac00000, 0x000000070ae00000| Untracked 
|  87|0x000000070ae00000, 0x000000070b000000, 0x000000070b000000|100%| O|  |TAMS 0x000000070ae00000, 0x000000070b000000| Untracked 
|  88|0x000000070b000000, 0x000000070b200000, 0x000000070b200000|100%| O|  |TAMS 0x000000070b000000, 0x000000070b200000| Untracked 
|  89|0x000000070b200000, 0x000000070b400000, 0x000000070b400000|100%| O|  |TAMS 0x000000070b200000, 0x000000070b400000| Untracked 
|  90|0x000000070b400000, 0x000000070b600000, 0x000000070b600000|100%| O|  |TAMS 0x000000070b400000, 0x000000070b600000| Untracked 
|  91|0x000000070b600000, 0x000000070b800000, 0x000000070b800000|100%| O|  |TAMS 0x000000070b600000, 0x000000070b800000| Untracked 
|  92|0x000000070b800000, 0x000000070ba00000, 0x000000070ba00000|100%| O|  |TAMS 0x000000070b800000, 0x000000070ba00000| Untracked 
|  93|0x000000070ba00000, 0x000000070bc00000, 0x000000070bc00000|100%| O|  |TAMS 0x000000070ba00000, 0x000000070bc00000| Untracked 
|  94|0x000000070bc00000, 0x000000070be00000, 0x000000070be00000|100%| O|  |TAMS 0x000000070bc00000, 0x000000070be00000| Untracked 
|  95|0x000000070be00000, 0x000000070c000000, 0x000000070c000000|100%| O|  |TAMS 0x000000070be00000, 0x000000070c000000| Untracked 
|  96|0x000000070c000000, 0x000000070c200000, 0x000000070c200000|100%| O|  |TAMS 0x000000070c000000, 0x000000070c200000| Untracked 
|  97|0x000000070c200000, 0x000000070c400000, 0x000000070c400000|100%| O|  |TAMS 0x000000070c200000, 0x000000070c400000| Untracked 
|  98|0x000000070c400000, 0x000000070c600000, 0x000000070c600000|100%|HS|  |TAMS 0x000000070c400000, 0x000000070c600000| Complete 
|  99|0x000000070c600000, 0x000000070c800000, 0x000000070c800000|100%|HS|  |TAMS 0x000000070c600000, 0x000000070c800000| Complete 
| 100|0x000000070c800000, 0x000000070ca00000, 0x000000070ca00000|100%| O|  |TAMS 0x000000070c800000, 0x000000070ca00000| Untracked 
| 101|0x000000070ca00000, 0x000000070cc00000, 0x000000070cc00000|100%| O|  |TAMS 0x000000070ca00000, 0x000000070cc00000| Untracked 
| 102|0x000000070cc00000, 0x000000070ce00000, 0x000000070ce00000|100%| O|  |TAMS 0x000000070cc00000, 0x000000070ce00000| Untracked 
| 103|0x000000070ce00000, 0x000000070d000000, 0x000000070d000000|100%| O|  |TAMS 0x000000070ce00000, 0x000000070d000000| Untracked 
| 104|0x000000070d000000, 0x000000070d200000, 0x000000070d200000|100%| O|  |TAMS 0x000000070d000000, 0x000000070d200000| Untracked 
| 105|0x000000070d200000, 0x000000070d400000, 0x000000070d400000|100%| O|  |TAMS 0x000000070d200000, 0x000000070d400000| Untracked 
| 106|0x000000070d400000, 0x000000070d600000, 0x000000070d600000|100%| O|  |TAMS 0x000000070d400000, 0x000000070d600000| Untracked 
| 107|0x000000070d600000, 0x000000070d800000, 0x000000070d800000|100%| O|  |TAMS 0x000000070d600000, 0x000000070d800000| Untracked 
| 108|0x000000070d800000, 0x000000070da00000, 0x000000070da00000|100%| O|  |TAMS 0x000000070d800000, 0x000000070da00000| Untracked 
| 109|0x000000070da00000, 0x000000070dc00000, 0x000000070dc00000|100%| O|  |TAMS 0x000000070da00000, 0x000000070dc00000| Untracked 
| 110|0x000000070dc00000, 0x000000070de00000, 0x000000070de00000|100%| O|  |TAMS 0x000000070dc00000, 0x000000070de00000| Untracked 
| 111|0x000000070de00000, 0x000000070e000000, 0x000000070e000000|100%| O|  |TAMS 0x000000070de00000, 0x000000070e000000| Untracked 
| 112|0x000000070e000000, 0x000000070e200000, 0x000000070e200000|100%| O|  |TAMS 0x000000070e000000, 0x000000070e200000| Untracked 
| 113|0x000000070e200000, 0x000000070e400000, 0x000000070e400000|100%| O|  |TAMS 0x000000070e200000, 0x000000070e400000| Untracked 
| 114|0x000000070e400000, 0x000000070e600000, 0x000000070e600000|100%| O|  |TAMS 0x000000070e400000, 0x000000070e600000| Untracked 
| 115|0x000000070e600000, 0x000000070e800000, 0x000000070e800000|100%| O|  |TAMS 0x000000070e600000, 0x000000070e800000| Untracked 
| 116|0x000000070e800000, 0x000000070ea00000, 0x000000070ea00000|100%| O|  |TAMS 0x000000070e800000, 0x000000070ea00000| Untracked 
| 117|0x000000070ea00000, 0x000000070ec00000, 0x000000070ec00000|100%| O|  |TAMS 0x000000070ea00000, 0x000000070ec00000| Untracked 
| 118|0x000000070ec00000, 0x000000070ee00000, 0x000000070ee00000|100%| O|  |TAMS 0x000000070ec00000, 0x000000070ee00000| Untracked 
| 119|0x000000070ee00000, 0x000000070f000000, 0x000000070f000000|100%| O|  |TAMS 0x000000070ee00000, 0x000000070f000000| Untracked 
| 120|0x000000070f000000, 0x000000070f200000, 0x000000070f200000|100%| O|  |TAMS 0x000000070f000000, 0x000000070f200000| Untracked 
| 121|0x000000070f200000, 0x000000070f400000, 0x000000070f400000|100%| O|  |TAMS 0x000000070f200000, 0x000000070f400000| Untracked 
| 122|0x000000070f400000, 0x000000070f600000, 0x000000070f600000|100%| O|  |TAMS 0x000000070f400000, 0x000000070f600000| Untracked 
| 123|0x000000070f600000, 0x000000070f800000, 0x000000070f800000|100%| O|  |TAMS 0x000000070f600000, 0x000000070f800000| Untracked 
| 124|0x000000070f800000, 0x000000070fa00000, 0x000000070fa00000|100%| O|  |TAMS 0x000000070f800000, 0x000000070fa00000| Untracked 
| 125|0x000000070fa00000, 0x000000070fc00000, 0x000000070fc00000|100%| O|  |TAMS 0x000000070fa00000, 0x000000070fc00000| Untracked 
| 126|0x000000070fc00000, 0x000000070fe00000, 0x000000070fe00000|100%| O|  |TAMS 0x000000070fc00000, 0x000000070fe00000| Untracked 
| 127|0x000000070fe00000, 0x0000000710000000, 0x0000000710000000|100%| O|  |TAMS 0x000000070fe00000, 0x0000000710000000| Untracked 
| 128|0x0000000710000000, 0x0000000710200000, 0x0000000710200000|100%| O|  |TAMS 0x0000000710000000, 0x0000000710200000| Untracked 
| 129|0x0000000710200000, 0x0000000710400000, 0x0000000710400000|100%| O|  |TAMS 0x0000000710200000, 0x0000000710400000| Untracked 
| 130|0x0000000710400000, 0x0000000710600000, 0x0000000710600000|100%| O|  |TAMS 0x0000000710400000, 0x0000000710600000| Untracked 
| 131|0x0000000710600000, 0x0000000710800000, 0x0000000710800000|100%| O|  |TAMS 0x0000000710600000, 0x0000000710800000| Untracked 
| 132|0x0000000710800000, 0x0000000710a00000, 0x0000000710a00000|100%| O|  |TAMS 0x0000000710800000, 0x0000000710a00000| Untracked 
| 133|0x0000000710a00000, 0x0000000710c00000, 0x0000000710c00000|100%| O|  |TAMS 0x0000000710a00000, 0x0000000710c00000| Untracked 
| 134|0x0000000710c00000, 0x0000000710e00000, 0x0000000710e00000|100%| O|  |TAMS 0x0000000710c00000, 0x0000000710e00000| Untracked 
| 135|0x0000000710e00000, 0x0000000711000000, 0x0000000711000000|100%| O|  |TAMS 0x0000000710e00000, 0x0000000711000000| Untracked 
| 136|0x0000000711000000, 0x0000000711200000, 0x0000000711200000|100%| O|  |TAMS 0x0000000711000000, 0x0000000711200000| Untracked 
| 137|0x0000000711200000, 0x0000000711400000, 0x0000000711400000|100%| O|  |TAMS 0x0000000711200000, 0x0000000711400000| Untracked 
| 138|0x0000000711400000, 0x0000000711600000, 0x0000000711600000|100%| O|  |TAMS 0x0000000711400000, 0x0000000711600000| Untracked 
| 139|0x0000000711600000, 0x0000000711800000, 0x0000000711800000|100%| O|  |TAMS 0x0000000711600000, 0x0000000711800000| Untracked 
| 140|0x0000000711800000, 0x0000000711a00000, 0x0000000711a00000|100%| O|  |TAMS 0x0000000711800000, 0x0000000711a00000| Untracked 
| 141|0x0000000711a00000, 0x0000000711c00000, 0x0000000711c00000|100%| O|  |TAMS 0x0000000711a00000, 0x0000000711c00000| Untracked 
| 142|0x0000000711c00000, 0x0000000711e00000, 0x0000000711e00000|100%| O|  |TAMS 0x0000000711c00000, 0x0000000711e00000| Untracked 
| 143|0x0000000711e00000, 0x0000000712000000, 0x0000000712000000|100%| O|  |TAMS 0x0000000711e00000, 0x0000000712000000| Untracked 
| 144|0x0000000712000000, 0x0000000712200000, 0x0000000712200000|100%| O|  |TAMS 0x0000000712000000, 0x0000000712200000| Untracked 
| 145|0x0000000712200000, 0x0000000712400000, 0x0000000712400000|100%| O|  |TAMS 0x0000000712200000, 0x0000000712400000| Untracked 
| 146|0x0000000712400000, 0x0000000712600000, 0x0000000712600000|100%| O|  |TAMS 0x0000000712400000, 0x0000000712600000| Untracked 
| 147|0x0000000712600000, 0x0000000712800000, 0x0000000712800000|100%| O|  |TAMS 0x0000000712600000, 0x0000000712800000| Untracked 
| 148|0x0000000712800000, 0x0000000712a00000, 0x0000000712a00000|100%| O|  |TAMS 0x0000000712800000, 0x0000000712a00000| Untracked 
| 149|0x0000000712a00000, 0x0000000712c00000, 0x0000000712c00000|100%| O|  |TAMS 0x0000000712a00000, 0x0000000712c00000| Untracked 
| 150|0x0000000712c00000, 0x0000000712e00000, 0x0000000712e00000|100%| O|  |TAMS 0x0000000712c00000, 0x0000000712e00000| Untracked 
| 151|0x0000000712e00000, 0x0000000713000000, 0x0000000713000000|100%| O|  |TAMS 0x0000000712e00000, 0x0000000713000000| Untracked 
| 152|0x0000000713000000, 0x0000000713200000, 0x0000000713200000|100%| O|  |TAMS 0x0000000713000000, 0x0000000713200000| Untracked 
| 153|0x0000000713200000, 0x0000000713400000, 0x0000000713400000|100%| O|  |TAMS 0x0000000713200000, 0x0000000713400000| Untracked 
| 154|0x0000000713400000, 0x0000000713600000, 0x0000000713600000|100%| O|  |TAMS 0x0000000713400000, 0x0000000713600000| Untracked 
| 155|0x0000000713600000, 0x0000000713800000, 0x0000000713800000|100%| O|  |TAMS 0x0000000713600000, 0x0000000713800000| Untracked 
| 156|0x0000000713800000, 0x0000000713a00000, 0x0000000713a00000|100%| O|  |TAMS 0x0000000713800000, 0x0000000713a00000| Untracked 
| 157|0x0000000713a00000, 0x0000000713c00000, 0x0000000713c00000|100%| O|  |TAMS 0x0000000713a00000, 0x0000000713c00000| Untracked 
| 158|0x0000000713c00000, 0x0000000713e00000, 0x0000000713e00000|100%| O|  |TAMS 0x0000000713c00000, 0x0000000713e00000| Untracked 
| 159|0x0000000713e00000, 0x0000000714000000, 0x0000000714000000|100%| O|  |TAMS 0x0000000713e00000, 0x0000000714000000| Untracked 
| 160|0x0000000714000000, 0x0000000714200000, 0x0000000714200000|100%| O|  |TAMS 0x0000000714000000, 0x0000000714200000| Untracked 
| 161|0x0000000714200000, 0x0000000714400000, 0x0000000714400000|100%| O|  |TAMS 0x0000000714200000, 0x0000000714400000| Untracked 
| 162|0x0000000714400000, 0x0000000714600000, 0x0000000714600000|100%| O|  |TAMS 0x0000000714400000, 0x0000000714600000| Untracked 
| 163|0x0000000714600000, 0x0000000714800000, 0x0000000714800000|100%| O|  |TAMS 0x0000000714600000, 0x0000000714800000| Untracked 
| 164|0x0000000714800000, 0x0000000714a00000, 0x0000000714a00000|100%| O|  |TAMS 0x0000000714800000, 0x0000000714a00000| Untracked 
| 165|0x0000000714a00000, 0x0000000714c00000, 0x0000000714c00000|100%| O|  |TAMS 0x0000000714a00000, 0x0000000714c00000| Untracked 
| 166|0x0000000714c00000, 0x0000000714e00000, 0x0000000714e00000|100%| O|  |TAMS 0x0000000714c00000, 0x0000000714e00000| Untracked 
| 167|0x0000000714e00000, 0x0000000715000000, 0x0000000715000000|100%| O|  |TAMS 0x0000000714e00000, 0x0000000715000000| Untracked 
| 168|0x0000000715000000, 0x0000000715200000, 0x0000000715200000|100%| O|  |TAMS 0x0000000715000000, 0x0000000715200000| Untracked 
| 169|0x0000000715200000, 0x0000000715400000, 0x0000000715400000|100%| O|  |TAMS 0x0000000715200000, 0x0000000715400000| Untracked 
| 170|0x0000000715400000, 0x0000000715600000, 0x0000000715600000|100%| O|  |TAMS 0x0000000715400000, 0x0000000715600000| Untracked 
| 171|0x0000000715600000, 0x0000000715800000, 0x0000000715800000|100%| O|  |TAMS 0x0000000715600000, 0x0000000715800000| Untracked 
| 172|0x0000000715800000, 0x0000000715a00000, 0x0000000715a00000|100%| O|  |TAMS 0x0000000715800000, 0x0000000715a00000| Untracked 
| 173|0x0000000715a00000, 0x0000000715c00000, 0x0000000715c00000|100%| O|  |TAMS 0x0000000715a00000, 0x0000000715c00000| Untracked 
| 174|0x0000000715c00000, 0x0000000715e00000, 0x0000000715e00000|100%| O|  |TAMS 0x0000000715c00000, 0x0000000715e00000| Untracked 
| 175|0x0000000715e00000, 0x0000000716000000, 0x0000000716000000|100%| O|  |TAMS 0x0000000715e00000, 0x0000000716000000| Untracked 
| 176|0x0000000716000000, 0x0000000716200000, 0x0000000716200000|100%| O|  |TAMS 0x0000000716000000, 0x0000000716200000| Untracked 
| 177|0x0000000716200000, 0x0000000716400000, 0x0000000716400000|100%| O|  |TAMS 0x0000000716200000, 0x0000000716400000| Untracked 
| 178|0x0000000716400000, 0x0000000716600000, 0x0000000716600000|100%| O|  |TAMS 0x0000000716400000, 0x0000000716600000| Untracked 
| 179|0x0000000716600000, 0x0000000716800000, 0x0000000716800000|100%| O|  |TAMS 0x0000000716600000, 0x0000000716800000| Untracked 
| 180|0x0000000716800000, 0x0000000716a00000, 0x0000000716a00000|100%| O|  |TAMS 0x0000000716800000, 0x0000000716a00000| Untracked 
| 181|0x0000000716a00000, 0x0000000716c00000, 0x0000000716c00000|100%| O|  |TAMS 0x0000000716a00000, 0x0000000716c00000| Untracked 
| 182|0x0000000716c00000, 0x0000000716e00000, 0x0000000716e00000|100%| O|  |TAMS 0x0000000716c00000, 0x0000000716e00000| Untracked 
| 183|0x0000000716e00000, 0x0000000717000000, 0x0000000717000000|100%| O|  |TAMS 0x0000000716e00000, 0x0000000717000000| Untracked 
| 184|0x0000000717000000, 0x0000000717200000, 0x0000000717200000|100%| O|  |TAMS 0x0000000717000000, 0x0000000717200000| Untracked 
| 185|0x0000000717200000, 0x0000000717400000, 0x0000000717400000|100%| O|  |TAMS 0x0000000717200000, 0x0000000717400000| Untracked 
| 186|0x0000000717400000, 0x0000000717600000, 0x0000000717600000|100%| O|  |TAMS 0x0000000717400000, 0x0000000717600000| Untracked 
| 187|0x0000000717600000, 0x0000000717800000, 0x0000000717800000|100%| O|  |TAMS 0x0000000717600000, 0x0000000717800000| Untracked 
| 188|0x0000000717800000, 0x0000000717a00000, 0x0000000717a00000|100%| O|  |TAMS 0x0000000717800000, 0x0000000717a00000| Untracked 
| 189|0x0000000717a00000, 0x0000000717c00000, 0x0000000717c00000|100%| O|  |TAMS 0x0000000717a00000, 0x0000000717c00000| Untracked 
| 190|0x0000000717c00000, 0x0000000717e00000, 0x0000000717e00000|100%| O|  |TAMS 0x0000000717c00000, 0x0000000717e00000| Untracked 
| 191|0x0000000717e00000, 0x0000000718000000, 0x0000000718000000|100%| O|  |TAMS 0x0000000717e00000, 0x0000000718000000| Untracked 
| 192|0x0000000718000000, 0x0000000718200000, 0x0000000718200000|100%| O|  |TAMS 0x0000000718000000, 0x0000000718200000| Untracked 
| 193|0x0000000718200000, 0x0000000718400000, 0x0000000718400000|100%| O|  |TAMS 0x0000000718200000, 0x0000000718400000| Untracked 
| 194|0x0000000718400000, 0x0000000718600000, 0x0000000718600000|100%| O|  |TAMS 0x0000000718400000, 0x0000000718600000| Untracked 
| 195|0x0000000718600000, 0x0000000718800000, 0x0000000718800000|100%| O|  |TAMS 0x0000000718600000, 0x0000000718800000| Untracked 
| 196|0x0000000718800000, 0x0000000718a00000, 0x0000000718a00000|100%| O|  |TAMS 0x0000000718800000, 0x0000000718a00000| Untracked 
| 197|0x0000000718a00000, 0x0000000718c00000, 0x0000000718c00000|100%| O|  |TAMS 0x0000000718a00000, 0x0000000718c00000| Untracked 
| 198|0x0000000718c00000, 0x0000000718e00000, 0x0000000718e00000|100%| O|  |TAMS 0x0000000718c00000, 0x0000000718e00000| Untracked 
| 199|0x0000000718e00000, 0x0000000719000000, 0x0000000719000000|100%| O|  |TAMS 0x0000000718e00000, 0x0000000718e00000| Untracked 
| 200|0x0000000719000000, 0x0000000719200000, 0x0000000719200000|100%| O|  |TAMS 0x0000000719000000, 0x0000000719000000| Untracked 
| 201|0x0000000719200000, 0x0000000719400000, 0x0000000719400000|100%| O|  |TAMS 0x0000000719200000, 0x0000000719200000| Untracked 
| 202|0x0000000719400000, 0x0000000719600000, 0x0000000719600000|100%| O|  |TAMS 0x0000000719400000, 0x0000000719400000| Untracked 
| 203|0x0000000719600000, 0x0000000719800000, 0x0000000719800000|100%| O|  |TAMS 0x0000000719600000, 0x0000000719600000| Untracked 
| 204|0x0000000719800000, 0x000000071989e200, 0x0000000719a00000| 30%| O|  |TAMS 0x0000000719800000, 0x0000000719800000| Untracked 
| 205|0x0000000719a00000, 0x0000000719a00000, 0x0000000719c00000|  0%| F|  |TAMS 0x0000000719a00000, 0x0000000719a00000| Untracked 
| 206|0x0000000719c00000, 0x0000000719c00000, 0x0000000719e00000|  0%| F|  |TAMS 0x0000000719c00000, 0x0000000719c00000| Untracked 
| 207|0x0000000719e00000, 0x0000000719e00000, 0x000000071a000000|  0%| F|  |TAMS 0x0000000719e00000, 0x0000000719e00000| Untracked 
| 208|0x000000071a000000, 0x000000071a000000, 0x000000071a200000|  0%| F|  |TAMS 0x000000071a000000, 0x000000071a000000| Untracked 
| 209|0x000000071a200000, 0x000000071a200000, 0x000000071a400000|  0%| F|  |TAMS 0x000000071a200000, 0x000000071a200000| Untracked 
| 210|0x000000071a400000, 0x000000071a400000, 0x000000071a600000|  0%| F|  |TAMS 0x000000071a400000, 0x000000071a400000| Untracked 
| 211|0x000000071a600000, 0x000000071a600000, 0x000000071a800000|  0%| F|  |TAMS 0x000000071a600000, 0x000000071a600000| Untracked 
| 212|0x000000071a800000, 0x000000071a800000, 0x000000071aa00000|  0%| F|  |TAMS 0x000000071a800000, 0x000000071a800000| Untracked 
| 213|0x000000071aa00000, 0x000000071aa00000, 0x000000071ac00000|  0%| F|  |TAMS 0x000000071aa00000, 0x000000071aa00000| Untracked 
| 214|0x000000071ac00000, 0x000000071ac00000, 0x000000071ae00000|  0%| F|  |TAMS 0x000000071ac00000, 0x000000071ac00000| Untracked 
| 215|0x000000071ae00000, 0x000000071ae00000, 0x000000071b000000|  0%| F|  |TAMS 0x000000071ae00000, 0x000000071ae00000| Untracked 
| 216|0x000000071b000000, 0x000000071b000000, 0x000000071b200000|  0%| F|  |TAMS 0x000000071b000000, 0x000000071b000000| Untracked 
| 217|0x000000071b200000, 0x000000071b200000, 0x000000071b400000|  0%| F|  |TAMS 0x000000071b200000, 0x000000071b200000| Untracked 
| 218|0x000000071b400000, 0x000000071b400000, 0x000000071b600000|  0%| F|  |TAMS 0x000000071b400000, 0x000000071b400000| Untracked 
| 219|0x000000071b600000, 0x000000071b600000, 0x000000071b800000|  0%| F|  |TAMS 0x000000071b600000, 0x000000071b600000| Untracked 
| 220|0x000000071b800000, 0x000000071b800000, 0x000000071ba00000|  0%| F|  |TAMS 0x000000071b800000, 0x000000071b800000| Untracked 
| 221|0x000000071ba00000, 0x000000071ba00000, 0x000000071bc00000|  0%| F|  |TAMS 0x000000071ba00000, 0x000000071ba00000| Untracked 
| 222|0x000000071bc00000, 0x000000071bc00000, 0x000000071be00000|  0%| F|  |TAMS 0x000000071bc00000, 0x000000071bc00000| Untracked 
| 223|0x000000071be00000, 0x000000071be00000, 0x000000071c000000|  0%| F|  |TAMS 0x000000071be00000, 0x000000071be00000| Untracked 
| 224|0x000000071c000000, 0x000000071c000000, 0x000000071c200000|  0%| F|  |TAMS 0x000000071c000000, 0x000000071c000000| Untracked 
| 225|0x000000071c200000, 0x000000071c200000, 0x000000071c400000|  0%| F|  |TAMS 0x000000071c200000, 0x000000071c200000| Untracked 
| 226|0x000000071c400000, 0x000000071c400000, 0x000000071c600000|  0%| F|  |TAMS 0x000000071c400000, 0x000000071c400000| Untracked 
| 227|0x000000071c600000, 0x000000071c600000, 0x000000071c800000|  0%| F|  |TAMS 0x000000071c600000, 0x000000071c600000| Untracked 
| 228|0x000000071c800000, 0x000000071c800000, 0x000000071ca00000|  0%| F|  |TAMS 0x000000071c800000, 0x000000071c800000| Untracked 
| 229|0x000000071ca00000, 0x000000071ca00000, 0x000000071cc00000|  0%| F|  |TAMS 0x000000071ca00000, 0x000000071ca00000| Untracked 
| 230|0x000000071cc00000, 0x000000071cc00000, 0x000000071ce00000|  0%| F|  |TAMS 0x000000071cc00000, 0x000000071cc00000| Untracked 
| 231|0x000000071ce00000, 0x000000071ce00000, 0x000000071d000000|  0%| F|  |TAMS 0x000000071ce00000, 0x000000071ce00000| Untracked 
| 232|0x000000071d000000, 0x000000071d000000, 0x000000071d200000|  0%| F|  |TAMS 0x000000071d000000, 0x000000071d000000| Untracked 
| 233|0x000000071d200000, 0x000000071d200000, 0x000000071d400000|  0%| F|  |TAMS 0x000000071d200000, 0x000000071d200000| Untracked 
| 234|0x000000071d400000, 0x000000071d400000, 0x000000071d600000|  0%| F|  |TAMS 0x000000071d400000, 0x000000071d400000| Untracked 
| 235|0x000000071d600000, 0x000000071d600000, 0x000000071d800000|  0%| F|  |TAMS 0x000000071d600000, 0x000000071d600000| Untracked 
| 236|0x000000071d800000, 0x000000071d800000, 0x000000071da00000|  0%| F|  |TAMS 0x000000071d800000, 0x000000071d800000| Untracked 
| 237|0x000000071da00000, 0x000000071da00000, 0x000000071dc00000|  0%| F|  |TAMS 0x000000071da00000, 0x000000071da00000| Untracked 
| 238|0x000000071dc00000, 0x000000071dc00000, 0x000000071de00000|  0%| F|  |TAMS 0x000000071dc00000, 0x000000071dc00000| Untracked 
| 239|0x000000071de00000, 0x000000071de00000, 0x000000071e000000|  0%| F|  |TAMS 0x000000071de00000, 0x000000071de00000| Untracked 
| 240|0x000000071e000000, 0x000000071e000000, 0x000000071e200000|  0%| F|  |TAMS 0x000000071e000000, 0x000000071e000000| Untracked 
| 241|0x000000071e200000, 0x000000071e200000, 0x000000071e400000|  0%| F|  |TAMS 0x000000071e200000, 0x000000071e200000| Untracked 
| 242|0x000000071e400000, 0x000000071e600000, 0x000000071e600000|100%| S|CS|TAMS 0x000000071e400000, 0x000000071e400000| Complete 
| 243|0x000000071e600000, 0x000000071e800000, 0x000000071e800000|100%| S|CS|TAMS 0x000000071e600000, 0x000000071e600000| Complete 
| 244|0x000000071e800000, 0x000000071e800000, 0x000000071ea00000|  0%| F|  |TAMS 0x000000071e800000, 0x000000071e800000| Untracked 
| 245|0x000000071ea00000, 0x000000071ea00000, 0x000000071ec00000|  0%| F|  |TAMS 0x000000071ea00000, 0x000000071ea00000| Untracked 
| 246|0x000000071ec00000, 0x000000071ec00000, 0x000000071ee00000|  0%| F|  |TAMS 0x000000071ec00000, 0x000000071ec00000| Untracked 
| 247|0x000000071ee00000, 0x000000071ee00000, 0x000000071f000000|  0%| F|  |TAMS 0x000000071ee00000, 0x000000071ee00000| Untracked 
| 248|0x000000071f000000, 0x000000071f000000, 0x000000071f200000|  0%| F|  |TAMS 0x000000071f000000, 0x000000071f000000| Untracked 
| 249|0x000000071f200000, 0x000000071f200000, 0x000000071f400000|  0%| F|  |TAMS 0x000000071f200000, 0x000000071f200000| Untracked 
| 250|0x000000071f400000, 0x000000071f400000, 0x000000071f600000|  0%| F|  |TAMS 0x000000071f400000, 0x000000071f400000| Untracked 
| 251|0x000000071f600000, 0x000000071f600000, 0x000000071f800000|  0%| F|  |TAMS 0x000000071f600000, 0x000000071f600000| Untracked 

Card table byte_map: [0x0000020d7d090000,0x0000020d7d890000] _byte_map_base: 0x0000020d79890000

Marking Bits (Prev, Next): (CMBitMap*) 0x0000020d74594cf0, (CMBitMap*) 0x0000020d74594d30
 Prev Bits: [0x0000020d20000000, 0x0000020d24000000)
 Next Bits: [0x0000020d24000000, 0x0000020d28000000)

Polling page: 0x0000020d72440000

Metaspace:

Usage:
  Non-class:    132.92 MB used.
      Class:     19.45 MB used.
       Both:    152.37 MB used.

Virtual space:
  Non-class space:      192.00 MB reserved,     133.56 MB ( 70%) committed,  3 nodes.
      Class space:        1.00 GB reserved,      20.00 MB (  2%) committed,  1 nodes.
             Both:        1.19 GB reserved,     153.56 MB ( 13%) committed. 

Chunk freelists:
   Non-Class:  9.55 MB
       Class:  12.04 MB
        Both:  21.59 MB

MaxMetaspaceSize: 4.00 GB
CompressedClassSpaceSize: 1.00 GB
Initial GC threshold: 21.00 MB
Current GC threshold: 186.56 MB
CDS: on
MetaspaceReclaimPolicy: balanced
 - commit_granule_bytes: 65536.
 - commit_granule_words: 8192.
 - virtual_space_node_default_size: 8388608.
 - enlarge_chunks_in_place: 1.
 - new_chunks_are_fully_committed: 0.
 - uncommit_free_chunks: 1.
 - use_allocation_guard: 0.
 - handle_deallocations: 1.


Internal statistics:

num_allocs_failed_limit: 9.
num_arena_births: 1848.
num_arena_deaths: 14.
num_vsnodes_births: 4.
num_vsnodes_deaths: 0.
num_space_committed: 2455.
num_space_uncommitted: 0.
num_chunks_returned_to_freelist: 40.
num_chunks_taken_from_freelist: 8202.
num_chunk_merges: 11.
num_chunk_splits: 5778.
num_chunks_enlarged: 4265.
num_inconsistent_stats: 0.

CodeHeap 'non-profiled nmethods': size=258432Kb used=11021Kb max_used=11021Kb free=247410Kb
 bounds [0x0000020d103a0000, 0x0000020d10e70000, 0x0000020d20000000]
CodeHeap 'profiled nmethods': size=258368Kb used=49394Kb max_used=49394Kb free=208973Kb
 bounds [0x0000020d00000000, 0x0000020d03050000, 0x0000020d0fc50000]
CodeHeap 'non-nmethods': size=7488Kb used=3655Kb max_used=3768Kb free=3833Kb
 bounds [0x0000020d0fc50000, 0x0000020d10010000, 0x0000020d103a0000]
 total_blobs=21938 nmethods=20829 adapters=1014
 compilation: enabled
              stopped_count=0, restarted_count=0
 full_count=0

Compilation events (20 events):
Event: 50.907 Thread 0x0000020d70f52590 24985       3       java.util.ArrayDeque::toArray (95 bytes)
Event: 50.908 Thread 0x0000020d70f52590 nmethod 24985 0x0000020d0303fb10 code [0x0000020d0303fd20, 0x0000020d03040578]
Event: 50.908 Thread 0x0000020d70f57540 nmethod 24968 0x0000020d10e61710 code [0x0000020d10e618e0, 0x0000020d10e62188]
Event: 50.908 Thread 0x0000020d70f57540 24936       4       org.jetbrains.kotlin.fir.declarations.FirResolvePhase$Companion::getANALYZED_DEPENDENCIES (4 bytes)
Event: 50.908 Thread 0x0000020d70f57540 nmethod 24936 0x0000020d10e62590 code [0x0000020d10e62700, 0x0000020d10e62778]
Event: 50.908 Thread 0x0000020d70f57540 24805       4       org.jetbrains.kotlin.fir.declarations.impl.FirResolvedImportImpl::getImportedName (17 bytes)
Event: 50.909 Thread 0x0000020d70f57540 nmethod 24805 0x0000020d10e62890 code [0x0000020d10e62a20, 0x0000020d10e62b28]
Event: 50.909 Thread 0x0000020d70f57540 24804       4       org.jetbrains.kotlin.com.intellij.util.SmartList::get (30 bytes)
Event: 50.910 Thread 0x0000020d70f57540 nmethod 24804 0x0000020d10e62c90 code [0x0000020d10e62e20, 0x0000020d10e62f58]
Event: 50.910 Thread 0x0000020d70f57540 24952       4       org.jetbrains.kotlin.ir.visitors.IrVisitorVoid::visitDeclarationReference (16 bytes)
Event: 50.910 Thread 0x0000020d70f57540 nmethod 24952 0x0000020d10e63110 code [0x0000020d10e63280, 0x0000020d10e63338]
Event: 50.910 Thread 0x0000020d70f57540 24924       4       org.jetbrains.kotlin.ir.symbols.impl.IrSimpleFunctionSymbolImpl::getOwner (8 bytes)
Event: 50.911 Thread 0x0000020d70f57540 nmethod 24924 0x0000020d10e63410 code [0x0000020d10e63580, 0x0000020d10e63658]
Event: 50.911 Thread 0x0000020d70f57540 24986       4       java.util.zip.ZipFile$Source::initCEN (591 bytes)
Event: 50.911 Thread 0x0000020d8c575550 24987       3       jdk.internal.util.jar.JarIndex::getJarIndex (28 bytes)
Event: 50.912 Thread 0x0000020d8c575550 nmethod 24987 0x0000020d03040790 code [0x0000020d030409c0, 0x0000020d03041448]
Event: 50.912 Thread 0x0000020d7f1d1ee0 24988   !   3       jdk.internal.loader.URLClassPath$JarLoader::checkJar (51 bytes)
Event: 50.912 Thread 0x0000020d70f52590 24989       3       jdk.internal.loader.FileURLMapper::exists (19 bytes)
Event: 50.913 Thread 0x0000020d7f1d1ee0 nmethod 24988 0x0000020d03041790 code [0x0000020d03041980, 0x0000020d03041e88]
Event: 50.913 Thread 0x0000020d70f52590 nmethod 24989 0x0000020d03042090 code [0x0000020d030422a0, 0x0000020d030428e8]

GC Heap History (20 events):
Event: 25.480 GC heap after
{Heap after GC invocations=45 (full 0):
 garbage-first heap   total 430080K, used 286853K [0x0000000700000000, 0x0000000800000000)
  region size 2048K, 4 young (8192K), 4 survivors (8192K)
 Metaspace       used 146419K, committed 147520K, reserved 1179648K
  class space    used 18885K, committed 19392K, reserved 1048576K
}
Event: 28.484 GC heap before
{Heap before GC invocations=45 (full 0):
 garbage-first heap   total 430080K, used 350341K [0x0000000700000000, 0x0000000800000000)
  region size 2048K, 36 young (73728K), 4 survivors (8192K)
 Metaspace       used 151502K, committed 152640K, reserved 1245184K
  class space    used 19559K, committed 20096K, reserved 1048576K
}
Event: 28.492 GC heap after
{Heap after GC invocations=46 (full 0):
 garbage-first heap   total 430080K, used 293596K [0x0000000700000000, 0x0000000800000000)
  region size 2048K, 4 young (8192K), 4 survivors (8192K)
 Metaspace       used 151502K, committed 152640K, reserved 1245184K
  class space    used 19559K, committed 20096K, reserved 1048576K
}
Event: 48.132 GC heap before
{Heap before GC invocations=46 (full 0):
 garbage-first heap   total 430080K, used 352988K [0x0000000700000000, 0x0000000800000000)
  region size 2048K, 34 young (69632K), 4 survivors (8192K)
 Metaspace       used 152473K, committed 153664K, reserved 1245184K
  class space    used 19623K, committed 20160K, reserved 1048576K
}
Event: 48.142 GC heap after
{Heap after GC invocations=47 (full 0):
 garbage-first heap   total 430080K, used 298547K [0x0000000700000000, 0x0000000800000000)
  region size 2048K, 3 young (6144K), 3 survivors (6144K)
 Metaspace       used 152473K, committed 153664K, reserved 1245184K
  class space    used 19623K, committed 20160K, reserved 1048576K
}
Event: 48.438 GC heap before
{Heap before GC invocations=47 (full 0):
 garbage-first heap   total 430080K, used 357939K [0x0000000700000000, 0x0000000800000000)
  region size 2048K, 33 young (67584K), 3 survivors (6144K)
 Metaspace       used 152486K, committed 153664K, reserved 1245184K
  class space    used 19623K, committed 20160K, reserved 1048576K
}
Event: 48.446 GC heap after
{Heap after GC invocations=48 (full 0):
 garbage-first heap   total 430080K, used 301532K [0x0000000700000000, 0x0000000800000000)
  region size 2048K, 4 young (8192K), 4 survivors (8192K)
 Metaspace       used 152486K, committed 153664K, reserved 1245184K
  class space    used 19623K, committed 20160K, reserved 1048576K
}
Event: 48.888 GC heap before
{Heap before GC invocations=48 (full 0):
 garbage-first heap   total 430080K, used 365020K [0x0000000700000000, 0x0000000800000000)
  region size 2048K, 35 young (71680K), 4 survivors (8192K)
 Metaspace       used 152856K, committed 154112K, reserved 1245184K
  class space    used 19651K, committed 20224K, reserved 1048576K
}
Event: 48.906 GC heap after
{Heap after GC invocations=49 (full 0):
 garbage-first heap   total 430080K, used 320489K [0x0000000700000000, 0x0000000800000000)
  region size 2048K, 5 young (10240K), 5 survivors (10240K)
 Metaspace       used 152856K, committed 154112K, reserved 1245184K
  class space    used 19651K, committed 20224K, reserved 1048576K
}
Event: 49.165 GC heap before
{Heap before GC invocations=49 (full 0):
 garbage-first heap   total 430080K, used 361449K [0x0000000700000000, 0x0000000800000000)
  region size 2048K, 25 young (51200K), 5 survivors (10240K)
 Metaspace       used 153059K, committed 154240K, reserved 1245184K
  class space    used 19675K, committed 20224K, reserved 1048576K
}
Event: 49.180 GC heap after
{Heap after GC invocations=50 (full 0):
 garbage-first heap   total 516096K, used 334796K [0x0000000700000000, 0x0000000800000000)
  region size 2048K, 4 young (8192K), 4 survivors (8192K)
 Metaspace       used 153059K, committed 154240K, reserved 1245184K
  class space    used 19675K, committed 20224K, reserved 1048576K
}
Event: 50.360 GC heap before
{Heap before GC invocations=50 (full 0):
 garbage-first heap   total 516096K, used 412620K [0x0000000700000000, 0x0000000800000000)
  region size 2048K, 43 young (88064K), 4 survivors (8192K)
 Metaspace       used 155798K, committed 156992K, reserved 1245184K
  class space    used 19914K, committed 20480K, reserved 1048576K
}
Event: 50.376 GC heap after
{Heap after GC invocations=51 (full 0):
 garbage-first heap   total 516096K, used 353233K [0x0000000700000000, 0x0000000800000000)
  region size 2048K, 6 young (12288K), 6 survivors (12288K)
 Metaspace       used 155798K, committed 156992K, reserved 1245184K
  class space    used 19914K, committed 20480K, reserved 1048576K
}
Event: 50.507 GC heap before
{Heap before GC invocations=51 (full 0):
 garbage-first heap   total 516096K, used 420817K [0x0000000700000000, 0x0000000800000000)
  region size 2048K, 39 young (79872K), 6 survivors (12288K)
 Metaspace       used 155813K, committed 156992K, reserved 1245184K
  class space    used 19914K, committed 20480K, reserved 1048576K
}
Event: 50.521 GC heap after
{Heap after GC invocations=52 (full 0):
 garbage-first heap   total 516096K, used 383041K [0x0000000700000000, 0x0000000800000000)
  region size 2048K, 5 young (10240K), 5 survivors (10240K)
 Metaspace       used 155813K, committed 156992K, reserved 1245184K
  class space    used 19914K, committed 20480K, reserved 1048576K
}
Event: 50.701 GC heap before
{Heap before GC invocations=52 (full 0):
 garbage-first heap   total 516096K, used 424001K [0x0000000700000000, 0x0000000800000000)
  region size 2048K, 25 young (51200K), 5 survivors (10240K)
 Metaspace       used 155876K, committed 157056K, reserved 1245184K
  class space    used 19914K, committed 20480K, reserved 1048576K
}
Event: 50.710 GC heap after
{Heap after GC invocations=53 (full 0):
 garbage-first heap   total 516096K, used 399185K [0x0000000700000000, 0x0000000800000000)
  region size 2048K, 4 young (8192K), 4 survivors (8192K)
 Metaspace       used 155876K, committed 157056K, reserved 1245184K
  class space    used 19914K, committed 20480K, reserved 1048576K
}
Event: 50.775 GC heap before
{Heap before GC invocations=53 (full 0):
 garbage-first heap   total 516096K, used 431953K [0x0000000700000000, 0x0000000800000000)
  region size 2048K, 20 young (40960K), 4 survivors (8192K)
 Metaspace       used 155916K, committed 157120K, reserved 1245184K
  class space    used 19914K, committed 20480K, reserved 1048576K
}
Event: 50.782 GC heap after
{Heap after GC invocations=54 (full 0):
 garbage-first heap   total 516096K, used 413561K [0x0000000700000000, 0x0000000800000000)
  region size 2048K, 3 young (6144K), 3 survivors (6144K)
 Metaspace       used 155916K, committed 157120K, reserved 1245184K
  class space    used 19914K, committed 20480K, reserved 1048576K
}
Event: 50.924 GC heap before
{Heap before GC invocations=54 (full 0):
 garbage-first heap   total 516096K, used 425849K [0x0000000700000000, 0x0000000800000000)
  region size 2048K, 11 young (22528K), 3 survivors (6144K)
 Metaspace       used 156029K, committed 157248K, reserved 1245184K
  class space    used 19917K, committed 20480K, reserved 1048576K
}

Deoptimization events (20 events):
Event: 50.630 Thread 0x0000020d70441fb0 DEOPT PACKING pc=0x0000020d10c17b64 sp=0x0000008a96bf4fa0
Event: 50.630 Thread 0x0000020d70441fb0 DEOPT UNPACKING pc=0x0000020d0fca23a3 sp=0x0000008a96bf4f90 mode 2
Event: 50.646 Thread 0x0000020d70441fb0 Uncommon trap: trap_request=0xffffff54 fr.pc=0x0000020d10e1b668 relative=0x0000000000008e28
Event: 50.646 Thread 0x0000020d70441fb0 Uncommon trap: reason=speculate_null_assert action=make_not_entrant pc=0x0000020d10e1b668 method=org.jetbrains.kotlin.fir.java.deserialization.JvmBinaryAnnotationDeserializerKt$loadMemberAnnotations$1$AnnotationVisitorForMethod.visitParameterAnnotation(IL
Event: 50.646 Thread 0x0000020d70441fb0 DEOPT PACKING pc=0x0000020d10e1b668 sp=0x0000008a96bf3000
Event: 50.646 Thread 0x0000020d70441fb0 DEOPT UNPACKING pc=0x0000020d0fca23a3 sp=0x0000008a96bf2e50 mode 2
Event: 50.758 Thread 0x0000020d70441fb0 DEOPT PACKING pc=0x0000020d01085fb7 sp=0x0000008a96bf2b30
Event: 50.758 Thread 0x0000020d70441fb0 DEOPT UNPACKING pc=0x0000020d0fca2b43 sp=0x0000008a96bf1fe0 mode 0
Event: 50.863 Thread 0x0000020d70441fb0 Uncommon trap: trap_request=0xffffffde fr.pc=0x0000020d10957178 relative=0x0000000000002fd8
Event: 50.863 Thread 0x0000020d70441fb0 Uncommon trap: reason=class_check action=maybe_recompile pc=0x0000020d10957178 method=org.jetbrains.kotlin.fir.deserialization.FirTypeDeserializer.typeSymbol(Lorg/jetbrains/kotlin/metadata/ProtoBuf$Type;)Lorg/jetbrains/kotlin/fir/types/ConeClassifierLooku
Event: 50.863 Thread 0x0000020d70441fb0 DEOPT PACKING pc=0x0000020d10957178 sp=0x0000008a96bf1f40
Event: 50.863 Thread 0x0000020d70441fb0 DEOPT UNPACKING pc=0x0000020d0fca23a3 sp=0x0000008a96bf1e90 mode 2
Event: 50.907 Thread 0x0000020d70441fb0 Uncommon trap: trap_request=0xffffff45 fr.pc=0x0000020d10d7a988 relative=0x00000000000025a8
Event: 50.907 Thread 0x0000020d70441fb0 Uncommon trap: reason=unstable_if action=reinterpret pc=0x0000020d10d7a988 method=com.google.common.collect.MapMakerInternalMap$Segment.getEntry(Ljava/lang/Object;I)Lcom/google/common/collect/MapMakerInternalMap$InternalEntry; @ 40 c2
Event: 50.907 Thread 0x0000020d70441fb0 DEOPT PACKING pc=0x0000020d10d7a988 sp=0x0000008a96bf8140
Event: 50.907 Thread 0x0000020d70441fb0 DEOPT UNPACKING pc=0x0000020d0fca23a3 sp=0x0000008a96bf7f98 mode 2
Event: 50.911 Thread 0x0000020d70441fb0 DEOPT PACKING pc=0x0000020d01d25a88 sp=0x0000008a96bf82f0
Event: 50.911 Thread 0x0000020d70441fb0 DEOPT UNPACKING pc=0x0000020d0fca2b43 sp=0x0000008a96bf7860 mode 0
Event: 50.915 Thread 0x0000020d70441fb0 DEOPT PACKING pc=0x0000020d01d25a88 sp=0x0000008a96bf82f0
Event: 50.915 Thread 0x0000020d70441fb0 DEOPT UNPACKING pc=0x0000020d0fca2b43 sp=0x0000008a96bf7860 mode 0

Classes unloaded (20 events):
Event: 13.660 Thread 0x0000020d7f041010 Unloading class 0x0000020d2b6a2000 '_BuildScript_'
Event: 13.660 Thread 0x0000020d7f041010 Unloading class 0x0000020d2b6a08d8 '_BuildScript_$_run_closure1$_closure2'
Event: 13.660 Thread 0x0000020d7f041010 Unloading class 0x0000020d2b6a04f0 '_BuildScript_$_run_closure1'
Event: 13.660 Thread 0x0000020d7f041010 Unloading class 0x0000020d2b6a0000 '_BuildScript_'
Event: 13.660 Thread 0x0000020d7f041010 Unloading class 0x0000020d2b69a3e8 '_BuildScript_$_run_closure1$_closure2$_closure3$_closure4'
Event: 13.660 Thread 0x0000020d7f041010 Unloading class 0x0000020d2b69a000 '_BuildScript_$_run_closure1$_closure2$_closure3'
Event: 13.660 Thread 0x0000020d7f041010 Unloading class 0x0000020d2b6998d8 '_BuildScript_$_run_closure1$_closure2'
Event: 13.660 Thread 0x0000020d7f041010 Unloading class 0x0000020d2b6994f0 '_BuildScript_$_run_closure1'
Event: 13.660 Thread 0x0000020d7f041010 Unloading class 0x0000020d2b699000 '_BuildScript_'
Event: 13.660 Thread 0x0000020d7f041010 Unloading class 0x0000020d2b6973e8 '_BuildScript_$_run_closure1$_closure2$_closure4$_closure5'
Event: 13.660 Thread 0x0000020d7f041010 Unloading class 0x0000020d2b697000 '_BuildScript_$_run_closure1$_closure2$_closure4'
Event: 13.660 Thread 0x0000020d7f041010 Unloading class 0x0000020d2b695c00 '_BuildScript_$_run_closure1$_closure2$_closure3'
Event: 13.660 Thread 0x0000020d7f041010 Unloading class 0x0000020d2b6968d8 '_BuildScript_$_run_closure1$_closure2'
Event: 13.660 Thread 0x0000020d7f041010 Unloading class 0x0000020d2b6964f0 '_BuildScript_$_run_closure1'
Event: 13.660 Thread 0x0000020d7f041010 Unloading class 0x0000020d2b696000 '_BuildScript_'
Event: 13.660 Thread 0x0000020d7f041010 Unloading class 0x0000020d2b6917d0 '_BuildScript_$_run_closure1$_closure2$_closure3$_closure4'
Event: 13.660 Thread 0x0000020d7f041010 Unloading class 0x0000020d2b6913e8 '_BuildScript_$_run_closure1$_closure2$_closure3'
Event: 13.660 Thread 0x0000020d7f041010 Unloading class 0x0000020d2b691000 '_BuildScript_$_run_closure1$_closure2'
Event: 13.660 Thread 0x0000020d7f041010 Unloading class 0x0000020d2b690400 '_BuildScript_$_run_closure1'
Event: 13.660 Thread 0x0000020d7f041010 Unloading class 0x0000020d2b690800 '_BuildScript_'

Classes redefined (0 events):
No events

Internal exceptions (20 events):
Event: 48.710 Thread 0x0000020d70441fb0 Exception <a 'java/lang/NoSuchMethodError'{0x00000007194446d0}: 'void java.lang.invoke.DirectMethodHandle$Holder.invokeSpecial(java.lang.Object, java.lang.Object, int, int)'> (0x00000007194446d0) 
thrown [s\open\src\hotspot\share\interpreter\linkResolver.cpp, line 759]
Event: 49.272 Thread 0x0000020d70441fb0 Exception <a 'java/lang/NoSuchMethodError'{0x000000071ec2b328}: 'java.lang.Object java.lang.invoke.DirectMethodHandle$Holder.newInvokeSpecial(java.lang.Object, java.lang.Object, java.lang.Object, java.lang.Object, java.lang.Object, java.lang.Object, java.lang.Object, java.lang.Object, java.lang.Object)'> (0x000000071ec2b328) 
thrown [s\open\src\hotspot\share\interpreter\linkResolver.cpp, line 759]
Event: 49.272 Thread 0x0000020d70441fb0 Exception <a 'java/lang/NoSuchMethodError'{0x000000071ec31ba0}: 'java.lang.Object java.lang.invoke.Invokers$Holder.linkToTargetMethod(java.lang.Object, java.lang.Object, java.lang.Object, java.lang.Object, java.lang.Object, java.lang.Object, java.lang.Object, java.lang.Object, java.lang.Object)'> (0x000000071ec31ba0) 
thrown [s\open\src\hotspot\share\interpreter\linkResolver.cpp, line 759]
Event: 49.355 Thread 0x0000020d70441fb0 Exception <a 'java/lang/NoSuchMethodError'{0x000000071eb691f8}: 'java.lang.Object java.lang.invoke.DirectMethodHandle$Holder.invokeStatic(java.lang.Object, int, java.lang.Object, java.lang.Object, java.lang.Object, java.lang.Object, java.lang.Object)'> (0x000000071eb691f8) 
thrown [s\open\src\hotspot\share\interpreter\linkResolver.cpp, line 759]
Event: 49.355 Thread 0x0000020d70441fb0 Exception <a 'java/lang/NoSuchMethodError'{0x000000071eb749a0}: 'java.lang.Object java.lang.invoke.DirectMethodHandle$Holder.newInvokeSpecial(java.lang.Object, int, java.lang.Object, java.lang.Object, java.lang.Object)'> (0x000000071eb749a0) 
thrown [s\open\src\hotspot\share\interpreter\linkResolver.cpp, line 759]
Event: 49.356 Thread 0x0000020d70441fb0 Exception <a 'java/lang/NoSuchMethodError'{0x000000071eb7ae20}: 'java.lang.Object java.lang.invoke.DirectMethodHandle$Holder.invokeSpecial(java.lang.Object, java.lang.Object, int, java.lang.Object, java.lang.Object, java.lang.Object)'> (0x000000071eb7ae20) 
thrown [s\open\src\hotspot\share\interpreter\linkResolver.cpp, line 759]
Event: 49.593 Thread 0x0000020d70441fb0 Exception <a 'java/lang/NoSuchMethodError'{0x000000071d516198}: 'java.lang.Object java.lang.invoke.DirectMethodHandle$Holder.invokeStaticInit(java.lang.Object, int, int, java.lang.Object)'> (0x000000071d516198) 
thrown [s\open\src\hotspot\share\interpreter\linkResolver.cpp, line 759]
Event: 49.990 Thread 0x0000020d70441fb0 Exception <a 'java/lang/NoSuchMethodError'{0x000000071c12de30}: 'java.lang.Object java.lang.invoke.DirectMethodHandle$Holder.invokeStaticInit(java.lang.Object, java.lang.Object, int, java.lang.Object)'> (0x000000071c12de30) 
thrown [s\open\src\hotspot\share\interpreter\linkResolver.cpp, line 759]
Event: 50.231 Thread 0x0000020d70441fb0 Exception <a 'sun/nio/fs/WindowsException'{0x000000071b97e3f0}> (0x000000071b97e3f0) 
thrown [s\open\src\hotspot\share\prims\jni.cpp, line 516]
Event: 50.232 Thread 0x0000020d70441fb0 Exception <a 'sun/nio/fs/WindowsException'{0x000000071b980298}> (0x000000071b980298) 
thrown [s\open\src\hotspot\share\prims\jni.cpp, line 516]
Event: 50.239 Thread 0x0000020d70441fb0 Exception <a 'sun/nio/fs/WindowsException'{0x000000071b988840}> (0x000000071b988840) 
thrown [s\open\src\hotspot\share\prims\jni.cpp, line 516]
Event: 50.243 Thread 0x0000020d70441fb0 Exception <a 'sun/nio/fs/WindowsException'{0x000000071b9a1c38}> (0x000000071b9a1c38) 
thrown [s\open\src\hotspot\share\prims\jni.cpp, line 516]
Event: 50.246 Thread 0x0000020d70441fb0 Exception <a 'sun/nio/fs/WindowsException'{0x000000071b9ab2b0}> (0x000000071b9ab2b0) 
thrown [s\open\src\hotspot\share\prims\jni.cpp, line 516]
Event: 50.248 Thread 0x0000020d70441fb0 Exception <a 'sun/nio/fs/WindowsException'{0x000000071b9b19f8}> (0x000000071b9b19f8) 
thrown [s\open\src\hotspot\share\prims\jni.cpp, line 516]
Event: 50.344 Thread 0x0000020d70441fb0 Exception <a 'sun/nio/fs/WindowsException'{0x000000071b2fa2e8}> (0x000000071b2fa2e8) 
thrown [s\open\src\hotspot\share\prims\jni.cpp, line 516]
Event: 50.344 Thread 0x0000020d70441fb0 Exception <a 'sun/nio/fs/WindowsException'{0x000000071b2fc048}> (0x000000071b2fc048) 
thrown [s\open\src\hotspot\share\prims\jni.cpp, line 516]
Event: 50.896 Thread 0x0000020d70441fb0 Exception <a 'sun/nio/fs/WindowsException'{0x000000071ea26df0}> (0x000000071ea26df0) 
thrown [s\open\src\hotspot\share\prims\jni.cpp, line 516]
Event: 50.897 Thread 0x0000020d70441fb0 Exception <a 'sun/nio/fs/WindowsException'{0x000000071ea289f0}> (0x000000071ea289f0) 
thrown [s\open\src\hotspot\share\prims\jni.cpp, line 516]
Event: 50.900 Thread 0x0000020d70441fb0 Exception <a 'sun/nio/fs/WindowsException'{0x000000071ea30078}> (0x000000071ea30078) 
thrown [s\open\src\hotspot\share\prims\jni.cpp, line 516]
Event: 50.901 Thread 0x0000020d70441fb0 Exception <a 'sun/nio/fs/WindowsException'{0x000000071ea38428}> (0x000000071ea38428) 
thrown [s\open\src\hotspot\share\prims\jni.cpp, line 516]

VM Operations (20 events):
Event: 49.685 Executing VM operation: ICBufferFull done
Event: 49.874 Executing VM operation: ICBufferFull
Event: 49.875 Executing VM operation: ICBufferFull done
Event: 50.001 Executing VM operation: ICBufferFull
Event: 50.001 Executing VM operation: ICBufferFull done
Event: 50.041 Executing VM operation: HandshakeAllThreads
Event: 50.042 Executing VM operation: HandshakeAllThreads done
Event: 50.282 Executing VM operation: ICBufferFull
Event: 50.282 Executing VM operation: ICBufferFull done
Event: 50.360 Executing VM operation: G1CollectForAllocation
Event: 50.377 Executing VM operation: G1CollectForAllocation done
Event: 50.507 Executing VM operation: G1CollectForAllocation
Event: 50.521 Executing VM operation: G1CollectForAllocation done
Event: 50.646 Executing VM operation: HandshakeAllThreads
Event: 50.647 Executing VM operation: HandshakeAllThreads done
Event: 50.701 Executing VM operation: G1CollectForAllocation
Event: 50.710 Executing VM operation: G1CollectForAllocation done
Event: 50.775 Executing VM operation: G1CollectForAllocation
Event: 50.782 Executing VM operation: G1CollectForAllocation done
Event: 50.924 Executing VM operation: G1TryInitiateConcMark

Events (20 events):
Event: 49.315 Thread 0x0000020d7f1d27f0 flushing nmethod 0x0000020d0289fb90
Event: 49.316 Thread 0x0000020d7f1d27f0 flushing nmethod 0x0000020d02a27310
Event: 49.316 Thread 0x0000020d7f1d27f0 flushing nmethod 0x0000020d02ad6c10
Event: 49.316 Thread 0x0000020d7f1d27f0 flushing nmethod 0x0000020d02b32e10
Event: 49.317 Thread 0x0000020d7f1d27f0 flushing nmethod 0x0000020d02b9b610
Event: 49.317 Thread 0x0000020d7f1d27f0 flushing nmethod 0x0000020d02bae890
Event: 50.664 Thread 0x0000020d7f1d27f0 flushing nmethod 0x0000020d00c82810
Event: 50.666 Thread 0x0000020d7f1d27f0 flushing nmethod 0x0000020d00eade10
Event: 50.666 Thread 0x0000020d7f1d27f0 flushing nmethod 0x0000020d00eaff90
Event: 50.666 Thread 0x0000020d7f1d27f0 flushing nmethod 0x0000020d00eb0c90
Event: 50.666 Thread 0x0000020d7f1d27f0 flushing nmethod 0x0000020d00f0b110
Event: 50.666 Thread 0x0000020d7f1d27f0 flushing nmethod 0x0000020d00f0bb10
Event: 50.666 Thread 0x0000020d7f1d27f0 flushing nmethod 0x0000020d00f0c790
Event: 50.666 Thread 0x0000020d7f1d27f0 flushing nmethod 0x0000020d00f0de90
Event: 50.666 Thread 0x0000020d7f1d27f0 flushing nmethod 0x0000020d00f0fe90
Event: 50.666 Thread 0x0000020d7f1d27f0 flushing nmethod 0x0000020d00f14d10
Event: 50.667 Thread 0x0000020d7f1d27f0 flushing nmethod 0x0000020d0102ea10
Event: 50.669 Thread 0x0000020d7f1d27f0 flushing nmethod 0x0000020d011faf90
Event: 50.672 Thread 0x0000020d7f1d27f0 flushing nmethod 0x0000020d015df210
Event: 50.672 Thread 0x0000020d7f1d27f0 flushing nmethod 0x0000020d015df790


Dynamic libraries:
0x00007ff7cc260000 - 0x00007ff7cc270000 	C:\Program Files\Java\jdk-17\bin\java.exe
0x00007ffa72580000 - 0x00007ffa727e6000 	C:\Windows\SYSTEM32\ntdll.dll
0x00007ffa702b0000 - 0x00007ffa70379000 	C:\Windows\System32\KERNEL32.DLL
0x00007ffa6fde0000 - 0x00007ffa701df000 	C:\Windows\System32\KERNELBASE.dll
0x00007ffa6f930000 - 0x00007ffa6fa7c000 	C:\Windows\System32\ucrtbase.dll
0x00007ffa49b50000 - 0x00007ffa49b6b000 	C:\Program Files\Java\jdk-17\bin\VCRUNTIME140.dll
0x00007ffa6c520000 - 0x00007ffa6c539000 	C:\Program Files\Java\jdk-17\bin\jli.dll
0x00007ffa70770000 - 0x00007ffa7082c000 	C:\Windows\System32\ADVAPI32.dll
0x00007ffa71a80000 - 0x00007ffa71b29000 	C:\Windows\System32\msvcrt.dll
0x00007ffa704a0000 - 0x00007ffa7054a000 	C:\Windows\System32\sechost.dll
0x00007ffa70b40000 - 0x00007ffa70c58000 	C:\Windows\System32\RPCRT4.dll
0x00007ffa72200000 - 0x00007ffa723c6000 	C:\Windows\System32\USER32.dll
0x00007ffa6f790000 - 0x00007ffa6f7b7000 	C:\Windows\System32\win32u.dll
0x00007ffa71530000 - 0x00007ffa7155b000 	C:\Windows\System32\GDI32.dll
0x00007ffa5dd40000 - 0x00007ffa5dfd1000 	C:\Windows\WinSxS\amd64_microsoft.windows.common-controls_6595b64144ccf1df_6.0.26100.8972_none_3e0da176e32f9d4b\COMCTL32.dll
0x00007ffa6fc20000 - 0x00007ffa6fd49000 	C:\Windows\System32\gdi32full.dll
0x00007ffa6f7c0000 - 0x00007ffa6f863000 	C:\Windows\System32\msvcp_win.dll
0x00007ffa686c0000 - 0x00007ffa686cb000 	C:\Windows\SYSTEM32\VERSION.dll
0x00007ffa723d0000 - 0x00007ffa72402000 	C:\Windows\System32\IMM32.DLL
0x00007ffa41020000 - 0x00007ffa4102c000 	C:\Program Files\Java\jdk-17\bin\vcruntime140_1.dll
0x00007ffa24610000 - 0x00007ffa2469e000 	C:\Program Files\Java\jdk-17\bin\msvcp140.dll
0x00007ff980d90000 - 0x00007ff981970000 	C:\Program Files\Java\jdk-17\bin\server\jvm.dll
0x00007ffa70760000 - 0x00007ffa70768000 	C:\Windows\System32\PSAPI.DLL
0x00007ffa5ab50000 - 0x00007ffa5ab5a000 	C:\Windows\SYSTEM32\WSOCK32.dll
0x00007ffa71560000 - 0x00007ffa715e2000 	C:\Windows\System32\WS2_32.dll
0x00007ffa5f530000 - 0x00007ffa5f566000 	C:\Windows\SYSTEM32\WINMM.dll
0x00007ffa6e480000 - 0x00007ffa6e49b000 	C:\Windows\SYSTEM32\kernel.appcore.dll
0x00007ffa41010000 - 0x00007ffa4101a000 	C:\Program Files\Java\jdk-17\bin\jimage.dll
0x00007ffa66300000 - 0x00007ffa66542000 	C:\Windows\SYSTEM32\DBGHELP.DLL
0x00007ffa715f0000 - 0x00007ffa71975000 	C:\Windows\System32\combase.dll
0x00007ffa71450000 - 0x00007ffa71529000 	C:\Windows\System32\OLEAUT32.dll
0x00007ffa55980000 - 0x00007ffa559bb000 	C:\Windows\SYSTEM32\dbgcore.DLL
0x00007ffa701f0000 - 0x00007ffa7029c000 	C:\Windows\System32\bcryptPrimitives.dll
0x00007ffa41000000 - 0x00007ffa4100e000 	C:\Program Files\Java\jdk-17\bin\instrument.dll
0x00007ffa40fd0000 - 0x00007ffa40ff5000 	C:\Program Files\Java\jdk-17\bin\java.dll
0x00007ffa24530000 - 0x00007ffa24607000 	C:\Program Files\Java\jdk-17\bin\jsvml.dll
0x00007ffa70cc0000 - 0x00007ffa71448000 	C:\Windows\System32\SHELL32.dll
0x00007ffa6d210000 - 0x00007ffa6daab000 	C:\Windows\SYSTEM32\windows.storage.dll
0x00007ffa703a0000 - 0x00007ffa70499000 	C:\Windows\System32\SHCORE.dll
0x00007ffa706f0000 - 0x00007ffa70756000 	C:\Windows\System32\shlwapi.dll
0x00007ffa6f6b0000 - 0x00007ffa6f6d9000 	C:\Windows\SYSTEM32\profapi.dll
0x00007ffa40f30000 - 0x00007ffa40f48000 	C:\Program Files\Java\jdk-17\bin\zip.dll
0x00007ffa40f10000 - 0x00007ffa40f29000 	C:\Program Files\Java\jdk-17\bin\net.dll
0x00007ffa68560000 - 0x00007ffa68688000 	C:\Windows\SYSTEM32\WINHTTP.dll
0x00007ffa6ea30000 - 0x00007ffa6ea9c000 	C:\Windows\system32\mswsock.dll
0x00007ffa3de60000 - 0x00007ffa3de76000 	C:\Program Files\Java\jdk-17\bin\nio.dll
0x00007ffa40fc0000 - 0x00007ffa40fd0000 	C:\Program Files\Java\jdk-17\bin\verify.dll
0x00007ffa2d300000 - 0x00007ffa2d327000 	C:\Users\jordi\.gradle\native\1def1411415f61bf3af743bc5b6707747c0891f09f0c88961ee8f79bc544acac\windows-amd64\native-platform.dll
0x00007ffa17190000 - 0x00007ffa17207000 	C:\Users\jordi\.gradle\native\0.2.8\x86_64-windows-gnu\gradle-fileevents.dll
0x00007ffa40f00000 - 0x00007ffa40f0a000 	C:\Program Files\Java\jdk-17\bin\management.dll
0x00007ffa3de50000 - 0x00007ffa3de5b000 	C:\Program Files\Java\jdk-17\bin\management_ext.dll
0x00007ffa6de60000 - 0x00007ffa6de93000 	C:\Windows\SYSTEM32\IPHLPAPI.DLL
0x00007ffa70900000 - 0x00007ffa7090a000 	C:\Windows\System32\NSI.dll
0x00007ffa686f0000 - 0x00007ffa6870d000 	C:\Windows\SYSTEM32\dhcpcsvc6.DLL
0x00007ffa68690000 - 0x00007ffa686b5000 	C:\Windows\SYSTEM32\dhcpcsvc.DLL
0x00007ffa6df00000 - 0x00007ffa6e058000 	C:\Windows\SYSTEM32\DNSAPI.dll
0x00007ffa6e830000 - 0x00007ffa6e83d000 	C:\Windows\SYSTEM32\DSPARSE.dll
0x00007ffa6ed20000 - 0x00007ffa6ed3b000 	C:\Windows\SYSTEM32\CRYPTSP.dll
0x00007ffa6e3e0000 - 0x00007ffa6e419000 	C:\Windows\system32\rsaenh.dll
0x00007ffa6eae0000 - 0x00007ffa6eb12000 	C:\Windows\SYSTEM32\USERENV.dll
0x00007ffa6f680000 - 0x00007ffa6f6aa000 	C:\Windows\SYSTEM32\bcrypt.dll
0x00007ffa6ed40000 - 0x00007ffa6ed4c000 	C:\Windows\SYSTEM32\CRYPTBASE.dll
0x00007ffa3de40000 - 0x00007ffa3de4e000 	C:\Program Files\Java\jdk-17\bin\sunmscapi.dll
0x00007ffa6fa90000 - 0x00007ffa6fc0e000 	C:\Windows\System32\CRYPT32.dll
0x00007ffa6ef60000 - 0x00007ffa6ef90000 	C:\Windows\SYSTEM32\ncrypt.dll
0x00007ffa6ef10000 - 0x00007ffa6ef4f000 	C:\Windows\SYSTEM32\NTASN1.dll
0x00007ffa65160000 - 0x00007ffa65168000 	C:\Windows\system32\wshunix.dll
0x00007ffa6e5b0000 - 0x00007ffa6e5e6000 	C:\Windows\SYSTEM32\ntmarta.dll
0x00007ffa35d90000 - 0x00007ffa35d97000 	C:\Program Files\Java\jdk-17\bin\rmi.dll

dbghelp: loaded successfully - version: 4.0.5 - missing functions: none
symbol engine: initialized successfully - sym options: 0x614 - pdb path: .;C:\Program Files\Java\jdk-17\bin;C:\Windows\SYSTEM32;C:\Windows\WinSxS\amd64_microsoft.windows.common-controls_6595b64144ccf1df_6.0.26100.8972_none_3e0da176e32f9d4b;C:\Program Files\Java\jdk-17\bin\server;C:\Users\jordi\.gradle\native\1def1411415f61bf3af743bc5b6707747c0891f09f0c88961ee8f79bc544acac\windows-amd64;C:\Users\jordi\.gradle\native\0.2.8\x86_64-windows-gnu

VM Arguments:
jvm_args: --add-opens=java.base/java.lang=ALL-UNNAMED --add-opens=java.base/java.lang.invoke=ALL-UNNAMED --add-opens=java.base/java.util=ALL-UNNAMED --add-opens=java.prefs/java.util.prefs=ALL-UNNAMED --add-exports=jdk.compiler/com.sun.tools.javac.api=ALL-UNNAMED --add-exports=jdk.compiler/com.sun.tools.javac.util=ALL-UNNAMED --add-opens=java.base/java.util=ALL-UNNAMED --add-opens=java.prefs/java.util.prefs=ALL-UNNAMED --add-opens=java.base/java.nio.charset=ALL-UNNAMED --add-opens=java.base/java.net=ALL-UNNAMED --add-opens=java.base/java.util.concurrent=ALL-UNNAMED --add-opens=java.base/java.util.concurrent.atomic=ALL-UNNAMED --add-opens=java.xml/javax.xml.namespace=ALL-UNNAMED --add-opens=java.base/java.time=ALL-UNNAMED -XX:MaxMetaspaceSize=4G -XX:ReservedCodeCacheSize=512m -XX:+HeapDumpOnOutOfMemoryError -Xmx4G -Dfile.encoding=UTF-8 -Duser.country=MX -Duser.language=es -Duser.variant -javaagent:C:\Users\jordi\.gradle\wrapper\dists\gradle-9.1.0-all\7wzd0jkjit61aq2p43wpjgij9\gradle-9.1.0\lib\agents\gradle-instrumentation-agent-9.1.0.jar 
java_command: org.gradle.launcher.daemon.bootstrap.GradleDaemon 9.1.0
java_class_path (initial): C:\Users\jordi\.gradle\wrapper\dists\gradle-9.1.0-all\7wzd0jkjit61aq2p43wpjgij9\gradle-9.1.0\lib\gradle-daemon-main-9.1.0.jar
Launcher Type: SUN_STANDARD

[Global flags]
     intx CICompilerCount                          = 12                                        {product} {ergonomic}
     uint ConcGCThreads                            = 3                                         {product} {ergonomic}
     uint G1ConcRefinementThreads                  = 13                                        {product} {ergonomic}
   size_t G1HeapRegionSize                         = 2097152                                   {product} {ergonomic}
    uintx GCDrainStackTargetSize                   = 64                                        {product} {ergonomic}
     bool HeapDumpOnOutOfMemoryError               = true                                   {manageable} {command line}
   size_t InitialHeapSize                          = 123731968                                 {product} {ergonomic}
   size_t MarkStackSize                            = 4194304                                   {product} {ergonomic}
   size_t MaxHeapSize                              = 4294967296                                {product} {command line}
   size_t MaxMetaspaceSize                         = 4294967296                                {product} {command line}
   size_t MaxNewSize                               = 2575302656                                {product} {ergonomic}
   size_t MinHeapDeltaBytes                        = 2097152                                   {product} {ergonomic}
   size_t MinHeapSize                              = 8388608                                   {product} {ergonomic}
    uintx NonNMethodCodeHeapSize                   = 7602480                                {pd product} {ergonomic}
    uintx NonProfiledCodeHeapSize                  = 264634216                              {pd product} {ergonomic}
    uintx ProfiledCodeHeapSize                     = 264634216                              {pd product} {ergonomic}
    uintx ReservedCodeCacheSize                    = 536870912                              {pd product} {command line}
     bool SegmentedCodeCache                       = true                                      {product} {ergonomic}
   size_t SoftMaxHeapSize                          = 4294967296                             {manageable} {ergonomic}
   double SweeperThreshold                         = 0.234375                                  {product} {ergonomic}
     bool UseCompressedClassPointers               = true                           {product lp64_product} {ergonomic}
     bool UseCompressedOops                        = true                           {product lp64_product} {ergonomic}
     bool UseG1GC                                  = true                                      {product} {ergonomic}
     bool UseLargePagesIndividualAllocation        = false                                  {pd product} {ergonomic}

Logging:
Log output configuration:
 #0: stdout all=warning uptime,level,tags
 #1: stderr all=off uptime,level,tags

Environment Variables:
PATH=C:\Users\jordi\AppData\Local\Android\Sdk\emulator;C:\Users\jordi\AppData\Local\Android\Sdk\plataform-tools;C:\Program Files\Common Files\Oracle\Java\javapath;C:\Windows\system32;C:\Windows;C:\Windows\System32\Wbem;C:\Windows\System32\WindowsPowerShell\v1.0\;C:\Windows\System32\OpenSSH\;C:\Program Files (x86)\NVIDIA Corporation\PhysX\Common;C:\Program Files\NVIDIA Corporation\NVIDIA App\NvDLISR;C:\Program Files\dotnet\;C:\Program Files\Microsoft SQL Server\170\Tools\Binn\;C:\Program Files\Microsoft SQL Server\Client SDK\ODBC\170\Tools\Binn\;C:\Program Files\Git\cmd;C:\Program Files (x86)\Windows Kits\10\Windows Performance Toolkit\;C:\Program Files (x86)\ZeroTier\One\;C:\ProgramData\ComposerSetup\bin;C:\Users\jordi\AppData\Local\Microsoft\WindowsApps;C:\Users\jordi\AppData\Local\Programs\Microsoft VS Code\bin;C:\Users\jordi\.dotnet\tools;C:\flutter\bin;C:\php-8.5;C:\Users\jordi\AppData\Roaming\Composer\vendor\bin
USERNAME=jordi
OS=Windows_NT
PROCESSOR_IDENTIFIER=AMD64 Family 25 Model 68 Stepping 1, AuthenticAMD



---------------  S Y S T E M  ---------------

OS:
 Windows 11 , 64 bit Build 26100 (10.0.26100.9168)
OS uptime: 12 days 0:49 hours
Hyper-V role detected

CPU: total 16 (initial active 16) (16 cores per cpu, 2 threads per core) family 25 model 68 stepping 1 microcode 0xa40410a, cx8, cmov, fxsr, ht, mmx, 3dnowpref, sse, sse2, sse3, ssse3, sse4a, sse4.1, sse4.2, popcnt, lzcnt, tsc, tscinvbit, avx, avx2, aes, erms, clmul, bmi1, bmi2, adx, sha, fma, vzeroupper, clflush, clflushopt, hv

Memory: 4k page, system-wide physical 7498M (538M free)
TotalPageFile size 30026M (AvailPageFile size 314M)
current process WorkingSet (physical memory assigned to process): 592M, peak: 701M
current process commit charge ("private bytes"): 1005M, peak: 1357M

vm_info: Java HotSpot(TM) 64-Bit Server VM (17.0.12+8-LTS-286) for windows-amd64 JRE (17.0.12+8-LTS-286), built on Jun  5 2024 06:46:59 by "mach5one" with MS VC++ 17.6 (VS2022)

END.
